latitude,longitude,district,elevation,slope,aspect,month,rainfall_daily,rainfall_7day,ndvi,soil_moisture,distance_to_road,land_cover,landslide
23.62,92.8231,Aizawl,971.7,35.0,51.4,8,0.9,5.5,0.461,0.797,10920.9,forest,1
26.7785,94.2131,Jorhat,1648.3,23.5,202.8,6,0.2,0.8,0.596,0.972,571.2,forest,1
26.6918,92.4081,Tezpur,229.9,22.5,31.9,5,0.1,0.5,0.732,0.2,989.4,agriculture,0
26.1313,91.6849,Guwahati,190.5,11.5,218.1,10,3.2,23.7,0.464,0.179,3315.5,agriculture,0
24.7956,94.1407,Imphal,888.3,9.3,188.2,6,0.4,1.0,0.651,0.782,7143.8,forest,0
25.8446,90.3847,Tura,840.9,31.3,149.9,9,5.9,16.1,0.457,0.848,1.6,forest,0
24.279,94.0091,Imphal,484.7,20.7,253.1,6,53.5,416.1,0.661,0.996,112.8,agriculture,1
24.794,93.8917,Imphal,2094.0,19.1,29.1,6,4.2,28.4,0.309,0.768,4803.6,forest,0
27.0913,94.3947,Jorhat,670.0,27.4,139.2,10,0.4,1.8,0.671,0.192,2430.4,agriculture,0
25.3901,92.0505,Dawki,411.1,13.7,319.6,9,41.1,276.2,0.616,0.553,10910.4,forest,0
27.6799,95.175,Dibrugarh,1197.0,8.5,305.7,8,12.6,32.3,0.477,0.638,1498.2,urban,0
27.7301,94.6413,Dibrugarh,1313.0,11.4,15.7,12,1.9,7.0,0.595,0.215,2414.0,agriculture,0
26.4806,92.497,Tezpur,465.3,24.9,205.2,4,2.9,22.7,0.614,0.265,3582.2,bare,0
23.933,91.3828,Agartala,1004.3,26.8,121.7,6,1.5,8.1,0.594,0.509,114.2,urban,0
24.8675,92.2133,Dawki,442.0,34.2,251.8,4,0.4,3.3,0.404,0.177,1677.5,agriculture,0
23.7143,91.185,Agartala,394.4,34.2,343.8,8,12.1,68.7,0.372,0.686,2029.6,agriculture,0
25.9544,92.2165,Shillong,211.9,17.2,181.1,9,16.1,48.0,0.63,0.505,1473.9,agriculture,0
26.7752,94.3093,Jorhat,1650.8,19.8,77.3,6,0.6,3.4,0.785,0.741,2055.8,agriculture,0
25.7764,90.2924,Tura,1059.0,11.7,290.5,12,1.6,6.8,0.5,0.257,4213.9,forest,0
26.8698,92.6954,Tezpur,1421.3,14.9,32.9,6,45.0,346.3,0.887,0.977,4187.5,bare,0
25.3372,91.7502,Shillong,660.5,32.7,30.3,8,1.1,7.9,0.804,0.598,1406.5,forest,0
23.5863,92.6773,Aizawl,853.0,37.4,20.3,4,0.4,2.2,0.599,0.189,1009.4,urban,0
24.4307,94.0598,Imphal,581.5,30.8,250.9,6,20.0,150.1,0.455,0.617,3122.6,forest,0
24.8075,92.0925,Dawki,1050.6,42.1,311.8,3,0.1,0.3,0.612,0.268,5537.7,urban,0
26.7937,94.1231,Jorhat,2467.8,14.8,136.0,5,0.7,2.4,0.69,0.222,144.1,forest,1
24.1402,91.3031,Agartala,1708.6,16.4,48.2,2,4.2,24.2,0.625,0.167,1295.1,agriculture,0
25.5702,90.1292,Tura,131.2,36.8,286.7,7,27.7,183.1,0.317,0.288,1253.7,agriculture,0
25.5933,90.032,Tura,440.9,5.6,69.2,3,0.6,2.0,0.552,0.258,2100.0,agriculture,1
27.4929,93.5806,Itanagar,249.4,21.4,193.2,10,0.8,5.3,0.484,0.254,428.6,agriculture,0
25.3255,90.2359,Tura,2250.8,4.4,115.9,5,1.2,3.2,0.387,0.198,2070.1,forest,0
27.8869,95.1882,Dibrugarh,133.5,30.1,179.4,6,40.7,83.2,0.726,0.876,276.0,urban,1
27.1097,93.4538,Itanagar,825.8,19.2,294.1,5,0.6,3.4,0.587,0.2,4402.4,forest,0
26.8781,94.057,Jorhat,2914.9,24.7,115.4,7,6.9,32.7,0.469,0.663,275.9,forest,1
26.9553,94.1068,Itanagar,161.4,10.8,65.2,3,4.1,22.1,0.509,0.215,536.1,forest,0
25.6685,90.2687,Tura,1282.0,3.4,224.7,7,8.7,47.3,0.54,0.875,780.3,agriculture,0
26.4543,94.4488,Jorhat,872.0,13.0,54.6,6,4.3,27.7,0.612,0.813,1256.0,urban,1
27.1014,92.6133,Tezpur,8430.0,15.4,215.4,7,18.9,105.7,0.529,0.656,2863.1,water,0
27.4294,94.9194,Dibrugarh,2767.6,34.4,218.4,6,20.0,152.1,0.671,0.566,5477.2,forest,0
25.3177,94.0448,Imphal,415.5,29.4,331.1,6,6.4,41.1,0.352,0.497,582.2,agriculture,0
25.8678,93.9704,Kohima,322.0,13.0,200.6,9,11.5,35.7,0.602,0.781,4825.0,forest,0
26.1334,91.6313,Guwahati,376.1,14.9,144.3,7,2.5,7.8,0.201,0.632,77.1,forest,0
25.8043,93.8842,Kohima,437.2,29.7,260.0,9,26.6,116.6,0.566,0.427,39.3,forest,0
27.0235,94.4117,Jorhat,797.8,32.9,299.0,6,22.3,93.1,0.763,0.573,363.9,agriculture,0
23.6629,92.9892,Aizawl,3730.1,27.2,189.2,5,1.0,2.0,0.572,0.148,5311.3,forest,1
25.4002,91.7081,Shillong,322.1,14.1,145.6,8,8.2,33.9,0.568,0.776,1724.5,water,0
25.4701,94.6365,Kohima,987.0,19.8,178.7,7,6.1,40.4,0.372,0.436,848.7,urban,0
25.1284,91.8882,Dawki,1131.1,26.3,260.7,8,59.1,438.7,0.793,0.721,135.5,agriculture,0
23.9937,91.3068,Agartala,950.8,20.5,304.0,6,26.5,58.8,0.702,0.387,3575.0,forest,0
25.4568,92.0836,Dawki,3408.1,21.6,166.3,12,0.0,0.0,0.696,0.147,1523.9,forest,0
26.5199,92.6255,Tezpur,1255.0,25.8,84.1,3,0.1,0.4,0.31,0.152,1890.0,agriculture,0
26.6072,92.7702,Tezpur,392.5,14.3,16.9,6,0.6,4.3,0.67,0.766,2233.5,forest,0
27.17,94.7435,Dibrugarh,969.8,13.5,213.5,7,1.4,10.5,0.508,0.557,273.0,forest,0
25.8767,94.0629,Kohima,721.8,27.1,356.9,3,6.4,32.8,0.623,0.21,2209.8,urban,0
25.5465,90.3011,Tura,1178.5,21.0,271.0,4,6.4,46.2,0.544,0.182,2124.6,forest,0
25.4413,90.2249,Tura,714.8,40.8,38.5,8,11.7,90.9,0.547,0.548,3694.8,forest,0
26.1788,91.6227,Guwahati,3067.6,20.7,295.7,6,25.6,90.1,0.702,0.692,1063.1,urban,0
26.8832,92.5439,Tezpur,1336.7,29.1,143.1,5,12.4,55.3,0.564,0.23,5993.2,agriculture,0
27.0541,93.6885,Itanagar,958.5,24.3,47.2,2,7.6,43.4,0.587,0.245,671.4,agriculture,0
24.6585,94.1181,Imphal,168.3,25.4,245.0,6,55.2,349.2,0.782,0.768,473.2,forest,1
24.9038,94.2407,Imphal,1342.0,20.0,31.6,6,0.5,1.3,0.45,0.504,549.9,forest,0
26.8747,94.2621,Jorhat,1345.1,24.6,341.0,8,22.9,130.2,0.917,0.464,124.8,forest,0
27.5628,94.7037,Dibrugarh,435.5,20.3,258.9,5,16.8,132.1,0.431,0.246,3896.7,bare,0
26.3163,92.9748,Tezpur,1229.7,42.6,10.6,6,14.0,78.1,0.483,0.967,1881.0,urban,1
23.5574,91.3788,Agartala,819.4,21.9,307.6,7,4.3,30.8,0.716,0.354,10461.5,forest,0
26.2038,91.6465,Guwahati,877.6,18.6,61.1,7,6.2,43.0,0.367,0.817,112.1,bare,0
25.6841,92.0314,Shillong,1445.5,33.3,12.3,12,0.4,1.3,0.622,0.201,1519.4,agriculture,0
27.2911,94.6011,Dibrugarh,995.0,4.0,47.8,4,8.4,53.9,0.541,0.228,884.3,agriculture,0
25.4012,90.2138,Tura,3303.5,28.6,335.1,8,16.9,55.8,0.437,0.851,148.2,water,0
26.9491,93.5676,Itanagar,443.1,31.7,157.7,10,6.3,24.6,0.552,0.281,2823.5,agriculture,0
27.3329,93.8327,Itanagar,4011.4,19.6,231.3,8,10.4,54.7,0.355,0.568,3771.0,agriculture,0
25.0829,90.1695,Tura,910.2,16.9,92.4,6,5.5,37.5,0.313,0.93,389.9,forest,0
24.0182,91.1719,Agartala,1003.1,36.3,152.8,4,5.1,21.5,0.45,0.216,4735.9,agriculture,1
27.5501,93.3712,Itanagar,382.1,11.0,240.3,4,2.9,13.8,0.422,0.244,71.8,agriculture,0
25.6107,90.1085,Tura,222.3,9.3,250.3,6,8.4,52.9,0.685,1.0,215.9,agriculture,1
25.4377,91.9292,Shillong,411.0,41.7,164.5,5,0.2,0.7,0.215,0.161,1580.2,forest,0
25.3289,92.2828,Dawki,251.7,16.7,187.5,8,1.4,9.1,0.717,0.762,110.5,forest,0
27.1627,94.6719,Dibrugarh,697.9,7.2,58.2,9,12.8,69.2,0.586,1.0,2966.2,agriculture,0
24.7377,93.85,Imphal,429.7,34.6,206.3,10,2.6,12.5,0.518,0.286,5304.1,forest,0
24.7357,93.7415,Imphal,998.5,22.3,38.0,8,3.7,20.9,0.304,0.478,1847.4,forest,0
25.5403,93.7618,Kohima,377.2,23.4,82.4,5,0.7,2.3,0.828,0.233,1556.6,agriculture,0
25.7616,90.1567,Tura,1343.3,34.0,93.5,8,2.2,11.5,0.211,0.554,5580.6,forest,0
26.5721,92.9108,Tezpur,1592.8,29.7,47.9,4,3.2,24.7,0.754,0.238,5231.2,agriculture,0
25.0703,94.2523,Imphal,682.4,14.6,15.0,4,3.8,9.2,0.858,0.218,3248.5,forest,0
25.831,91.9277,Shillong,601.4,10.8,82.0,11,3.3,6.8,0.605,0.232,1951.7,urban,0
26.9411,93.1599,Tezpur,1207.9,30.7,80.9,6,8.5,39.3,0.474,0.767,660.0,urban,0
26.5075,94.4471,Jorhat,502.7,38.1,269.3,7,3.0,6.9,0.691,0.956,3905.3,forest,0
26.5443,92.9173,Tezpur,1791.2,10.7,107.1,7,17.5,126.8,0.761,0.766,28.1,forest,0
25.9689,91.6158,Guwahati,872.3,24.2,247.6,6,11.6,59.7,0.688,0.706,4153.4,bare,0
26.7288,94.4644,Jorhat,282.3,15.0,49.6,8,0.0,0.1,0.693,0.885,2140.7,bare,1
24.2023,91.6573,Agartala,2452.2,25.3,27.7,3,1.2,8.2,0.517,0.225,478.6,forest,0
27.3535,94.8758,Dibrugarh,1090.2,36.1,178.6,5,3.5,27.6,0.519,0.217,2501.0,water,1
25.5482,89.8663,Tura,861.4,14.7,67.0,9,9.2,45.0,0.571,0.437,4351.1,forest,0
25.3357,91.9851,Dawki,515.3,30.1,350.9,6,8.4,59.4,0.457,0.698,2900.4,agriculture,0
27.1174,94.7047,Dibrugarh,810.5,37.1,353.3,5,3.2,10.2,0.521,0.125,1290.1,forest,1
26.4854,92.7672,Tezpur,968.7,29.3,197.6,8,3.8,27.2,0.436,0.721,1849.5,bare,0
25.6317,94.0495,Kohima,346.6,16.9,45.5,8,2.6,9.3,0.721,0.616,2412.3,forest,0
25.1539,92.6586,Dawki,844.7,9.3,73.4,7,5.1,34.3,0.515,0.769,7398.5,agriculture,0
26.4042,92.8425,Tezpur,190.1,33.5,12.0,6,19.8,137.0,0.408,0.926,375.5,bare,0
26.193,91.731,Guwahati,1667.3,36.2,4.5,7,11.2,71.0,0.748,0.478,2334.8,bare,1
25.5753,90.3664,Tura,273.8,13.9,40.7,4,3.8,17.2,0.756,0.215,1715.5,agriculture,0
25.2707,92.0152,Dawki,322.8,17.6,63.0,9,3.9,27.1,0.432,1.0,1092.9,forest,1
25.8716,91.7869,Shillong,567.4,19.3,60.9,6,7.2,24.1,0.652,0.617,1956.4,forest,0
23.9382,91.457,Agartala,1484.1,24.8,78.6,4,0.2,0.8,0.68,0.247,231.4,forest,0
27.1857,93.7998,Itanagar,1369.2,25.1,12.5,7,80.8,576.8,0.575,0.589,366.3,forest,0
26.5464,92.8482,Tezpur,626.0,38.5,341.3,7,23.3,136.2,0.53,0.511,10597.3,forest,0
25.5287,90.559,Tura,404.2,27.6,50.4,5,10.7,42.6,0.269,0.176,695.8,agriculture,1
26.0782,91.5896,Guwahati,858.6,31.2,31.4,8,1.8,7.4,0.573,0.841,14808.0,forest,0
26.4361,91.5981,Guwahati,875.7,39.5,343.5,8,29.8,60.0,0.754,0.732,889.9,agriculture,0
26.4724,92.7386,Tezpur,2246.5,19.1,240.7,8,6.7,37.5,0.502,0.614,385.4,water,1
25.7718,94.2935,Kohima,93.5,29.9,77.8,7,25.5,61.2,0.571,0.89,2346.2,urban,0
25.2956,92.1177,Dawki,155.2,9.6,247.8,6,2.7,12.6,0.351,0.641,3039.3,forest,0
25.7421,89.9833,Tura,180.7,33.7,50.6,7,0.4,2.1,0.642,0.626,1473.0,forest,1
25.5119,89.9843,Tura,690.1,25.5,358.1,7,1.4,7.8,0.257,0.641,850.7,urban,0
27.3124,94.7858,Dibrugarh,581.4,17.4,209.0,4,1.8,10.1,0.674,0.177,674.4,forest,1
26.5317,91.8448,Guwahati,826.4,33.4,165.0,2,4.1,21.8,0.624,0.21,4214.9,agriculture,0
26.7807,92.6189,Tezpur,394.3,10.0,207.8,9,59.2,263.4,0.678,0.613,193.5,urban,1
23.6891,92.7163,Aizawl,487.4,25.5,107.8,6,24.5,89.9,0.743,0.697,4200.3,bare,0
26.2831,91.8103,Guwahati,1565.7,29.3,146.6,3,1.3,3.4,0.316,0.182,154.6,forest,0
25.1906,91.9642,Dawki,1513.5,17.8,210.0,9,11.9,39.6,0.822,0.52,5168.4,agriculture,0
27.5512,95.0714,Dibrugarh,305.3,23.1,51.4,8,4.7,23.7,0.496,0.776,3682.5,forest,0
27.1031,93.716,Itanagar,578.8,19.6,205.9,10,8.6,39.0,0.69,0.192,3379.6,forest,0
25.5422,90.2583,Tura,702.5,8.1,231.9,3,1.3,10.4,0.175,0.244,161.3,bare,0
26.4059,92.7207,Tezpur,978.5,9.1,244.0,7,5.2,14.8,0.791,0.984,666.5,urban,0
27.0785,94.4204,Jorhat,1006.0,15.4,87.1,10,5.5,34.2,0.471,0.224,127.6,forest,0
23.5403,92.8631,Aizawl,1181.5,26.2,277.3,9,1.9,6.9,0.615,0.748,5633.1,forest,0
25.8697,91.4295,Guwahati,1250.3,20.6,337.5,7,9.6,22.7,0.727,0.998,2471.8,bare,0
23.755,91.2165,Agartala,1854.4,25.0,139.7,8,4.5,18.4,0.545,0.596,3690.1,forest,0
25.2658,91.8869,Shillong,613.6,22.2,346.4,8,39.6,260.0,0.788,0.453,5984.5,agriculture,0
25.2796,92.0942,Dawki,691.2,13.7,224.0,12,0.6,4.3,0.396,0.204,529.0,agriculture,0
26.4372,91.6959,Guwahati,849.6,36.2,289.7,3,5.0,15.2,0.79,0.253,1546.3,urban,1
26.4984,92.4867,Tezpur,226.9,19.9,90.4,7,6.7,39.6,0.751,0.723,2115.4,forest,1
23.6129,91.4217,Agartala,2557.6,33.6,51.8,7,35.1,248.4,0.486,0.943,2359.1,forest,1
26.664,94.2373,Jorhat,220.3,35.2,297.6,3,3.9,25.9,0.755,0.262,139.4,forest,0
25.718,91.3783,Shillong,370.5,9.6,305.4,6,5.4,21.4,0.428,0.732,6966.5,urban,0
25.7108,94.4238,Kohima,501.3,11.9,226.2,7,6.7,51.8,0.338,0.501,3698.0,forest,0
25.589,94.0343,Kohima,476.2,26.1,42.8,8,16.7,76.9,0.433,0.307,1469.3,water,1
25.2164,90.1486,Tura,1356.0,16.3,64.5,9,12.1,52.9,0.606,0.815,3350.7,bare,0
25.6654,94.1304,Kohima,391.4,17.9,148.2,10,1.7,12.3,0.564,0.154,1217.0,agriculture,0
23.762,92.8204,Aizawl,1626.1,24.4,100.0,5,1.7,13.4,0.526,0.252,360.8,forest,0
23.5606,91.3549,Agartala,351.5,13.0,197.9,8,2.3,13.0,0.618,0.835,289.8,agriculture,0
25.048,94.1427,Imphal,188.7,23.4,38.1,4,8.7,55.8,0.641,0.206,3419.4,forest,1
26.6639,92.9445,Tezpur,1219.7,30.2,267.4,6,33.1,83.0,0.432,0.712,1730.8,water,0
25.2615,90.3579,Tura,444.8,22.2,89.4,5,0.9,3.3,0.685,0.248,3352.2,forest,0
23.7759,91.4585,Agartala,154.2,19.5,355.6,6,22.1,100.9,0.227,0.887,7404.4,urban,1
25.9483,90.0699,Tura,1292.8,6.0,23.0,9,5.2,24.2,0.485,0.603,334.1,bare,0
27.6175,94.8783,Dibrugarh,688.1,9.3,290.1,1,7.8,36.1,0.682,0.154,6182.1,urban,0
23.7049,92.7856,Aizawl,712.5,49.2,309.2,8,27.3,195.2,0.379,0.825,3552.0,forest,1
25.9547,91.8639,Guwahati,923.9,33.7,124.3,6,19.8,144.2,0.647,0.62,547.9,forest,0
24.7425,94.1443,Imphal,3536.0,20.3,252.8,5,2.1,9.3,0.649,0.238,1233.9,forest,0
23.5466,92.7784,Aizawl,473.4,26.8,220.1,9,16.8,74.6,0.561,0.705,4190.7,agriculture,0
27.2154,93.2028,Itanagar,572.8,12.3,317.7,7,1.2,5.1,0.559,0.919,4886.1,forest,0
25.5623,90.2066,Tura,421.1,25.9,134.8,6,0.7,2.9,0.573,0.862,300.7,forest,1
26.8604,92.8915,Tezpur,2131.7,23.1,50.5,8,14.5,93.8,0.534,0.574,2727.6,agriculture,0
25.6236,92.2078,Shillong,816.5,29.5,211.9,5,2.7,19.7,0.66,0.178,1760.2,agriculture,0
26.4243,91.9253,Guwahati,276.2,23.6,97.0,5,3.6,11.8,0.371,0.221,623.7,forest,0
25.3151,91.9379,Dawki,443.2,8.2,296.8,8,29.3,196.3,0.396,0.752,297.2,bare,0
25.1366,94.1723,Imphal,347.6,23.4,14.5,6,2.1,4.5,0.782,0.441,43.5,bare,0
26.3876,93.0143,Tezpur,3347.7,28.5,356.6,8,8.8,54.7,0.397,0.56,16299.7,water,0
25.72,91.8804,Guwahati,633.0,28.3,310.9,4,7.8,45.0,0.624,0.204,4986.3,forest,0
24.6603,94.3374,Imphal,434.9,16.9,219.5,8,27.3,186.2,0.607,0.958,973.1,water,0
25.5975,94.1488,Kohima,340.7,17.5,221.9,5,3.5,19.6,0.666,0.183,401.4,forest,0
26.0393,91.7977,Guwahati,706.1,33.8,24.1,11,5.1,36.2,0.5,0.224,319.3,forest,0
26.4403,94.1377,Jorhat,451.6,8.4,131.6,6,5.4,42.4,0.728,0.67,1120.5,forest,0
23.7068,92.7039,Aizawl,341.6,35.1,165.0,8,12.8,76.9,0.672,0.566,6608.7,forest,1
27.4974,95.3312,Dibrugarh,485.7,33.4,287.9,4,3.6,16.2,0.739,0.222,2157.8,urban,0
25.4589,91.6007,Dawki,1327.5,11.8,100.3,5,0.6,4.2,0.657,0.259,4794.5,forest,0
26.1841,91.8439,Guwahati,2447.1,27.2,224.5,7,0.8,3.5,0.485,0.703,8898.7,water,0
25.3344,90.2784,Tura,572.6,13.2,175.4,6,13.6,109.0,0.521,0.949,2864.5,water,0
25.358,91.4732,Shillong,2643.2,17.7,85.5,3,3.9,10.3,0.372,0.204,4168.1,forest,0
23.7326,91.4171,Agartala,2918.7,16.4,297.7,7,22.4,76.3,0.571,0.616,2836.1,agriculture,0
27.5092,95.1865,Dibrugarh,2510.0,12.5,124.9,7,23.7,87.1,0.527,0.813,14373.1,agriculture,0
25.7881,94.0719,Kohima,862.0,11.9,88.8,7,16.3,105.8,0.673,0.538,4244.7,forest,1
25.111,92.1351,Dawki,1189.9,33.2,38.5,7,19.6,150.0,0.752,0.794,1995.5,forest,0
23.9861,90.955,Agartala,252.8,14.6,263.9,8,40.2,278.6,0.616,0.808,1187.1,forest,0
25.4337,91.8403,Shillong,212.8,21.5,310.8,5,6.2,41.7,0.748,0.184,4733.4,forest,0
25.5739,94.0808,Kohima,737.7,16.0,207.9,6,26.0,180.2,0.4,0.366,1193.3,forest,0
26.2794,91.6922,Guwahati,237.0,15.6,99.3,5,0.1,0.3,0.665,0.248,1121.0,forest,0
27.4818,94.9994,Dibrugarh,505.7,22.0,238.2,3,1.3,7.0,0.464,0.26,1402.6,forest,0
26.997,92.6286,Tezpur,426.5,27.2,15.1,6,2.8,20.1,0.548,0.393,9518.7,forest,0
25.2088,93.9774,Kohima,265.2,14.3,143.4,7,33.6,199.9,0.587,0.706,1706.3,forest,0
27.2346,93.2671,Itanagar,555.3,22.2,124.5,8,24.6,188.6,0.663,0.931,78.3,agriculture,0
25.7861,91.6151,Guwahati,568.4,29.4,287.0,8,17.6,71.1,0.442,0.835,5318.5,water,0
26.2382,91.6684,Guwahati,595.0,28.4,10.3,7,0.2,1.1,0.522,0.709,10926.0,agriculture,0
25.8329,90.3022,Tura,686.5,12.9,79.8,6,4.5,11.4,0.475,0.826,1210.4,agriculture,0
25.5557,92.2436,Shillong,993.6,42.6,197.1,8,6.4,28.4,0.319,0.72,1235.4,urban,1
24.9147,93.8749,Imphal,518.0,40.7,297.4,8,26.1,114.3,0.367,0.893,946.8,forest,0
23.6232,91.2825,Agartala,459.1,12.0,156.4,7,14.5,86.7,0.934,0.997,314.6,agriculture,0
25.0837,92.1527,Dawki,372.6,30.9,352.5,8,28.1,111.1,0.735,0.798,968.6,bare,0
25.5464,91.9878,Dawki,919.7,24.1,76.4,4,3.6,9.7,0.361,0.257,5535.8,agriculture,0
26.6893,93.9639,Jorhat,774.0,41.8,320.5,7,12.4,62.3,0.245,0.983,1041.7,agriculture,0
26.5941,92.4816,Tezpur,1338.5,18.5,272.3,4,7.7,30.6,0.576,0.166,408.7,forest,0
26.198,91.588,Guwahati,836.9,40.5,0.0,8,6.6,23.3,0.423,0.655,266.7,agriculture,0
25.6908,91.6122,Shillong,413.2,24.3,355.4,7,11.4,82.4,0.516,0.589,1136.1,forest,0
26.5609,94.0622,Jorhat,877.0,6.6,358.1,4,4.5,27.5,0.487,0.266,2402.5,agriculture,0
23.8708,92.9444,Aizawl,4255.8,31.8,229.6,9,0.6,3.2,0.436,0.688,2624.9,bare,0
25.5678,90.4221,Tura,1211.0,27.9,332.7,11,5.4,20.5,0.614,0.271,2398.7,bare,0
25.7375,90.2024,Tura,871.8,24.3,236.9,12,1.8,7.4,0.461,0.28,1750.4,agriculture,0
23.4589,93.0363,Aizawl,417.0,22.1,189.1,4,6.1,23.0,0.672,0.148,128.6,forest,1
25.8417,94.3312,Kohima,423.6,14.1,142.7,6,2.3,6.8,0.896,0.308,1943.6,agriculture,0
27.5334,94.717,Dibrugarh,407.9,7.1,141.9,7,24.3,116.9,0.66,0.493,771.2,agriculture,0
27.3989,94.6571,Dibrugarh,2260.7,28.3,77.9,7,0.7,5.1,0.649,0.819,2994.6,bare,0
24.0069,92.8325,Aizawl,487.7,29.3,7.6,9,26.1,175.8,0.719,0.409,462.8,bare,0
26.4615,94.1945,Jorhat,424.8,0.5,52.3,7,1.0,2.3,0.854,0.842,309.4,forest,1
25.6738,93.5802,Kohima,1961.0,45.2,337.3,12,4.8,31.2,0.323,0.2,7895.4,forest,0
25.7043,89.9973,Tura,2741.2,2.6,63.7,4,9.4,52.7,0.463,0.259,4791.3,agriculture,0
27.4273,95.1331,Dibrugarh,390.6,45.8,117.0,8,48.9,312.1,0.662,0.721,4989.6,forest,0
26.1479,91.827,Guwahati,973.0,12.5,145.0,7,84.9,238.8,0.455,0.704,1625.9,forest,0
23.4963,92.8687,Aizawl,250.3,24.1,297.9,5,1.9,4.3,0.444,0.283,419.5,forest,0
24.7352,94.3019,Imphal,204.5,5.9,102.8,8,0.4,2.0,0.466,1.0,6806.7,forest,1
25.4289,92.0656,Dawki,304.0,43.7,106.5,5,1.2,3.6,0.474,0.148,209.3,urban,1
23.5562,91.4295,Agartala,1420.8,19.6,139.5,9,5.5,20.8,0.47,0.357,6512.4,urban,1
24.082,91.2005,Agartala,516.7,6.0,0.3,10,0.1,0.2,0.328,0.186,8051.4,agriculture,0
25.4643,91.8542,Shillong,912.9,23.4,141.7,4,3.3,21.3,0.394,0.256,4102.0,forest,0
26.3941,94.3843,Jorhat,689.9,23.4,275.5,4,3.2,18.8,0.56,0.229,2368.5,water,0
23.6782,91.167,Agartala,933.2,24.3,180.2,8,10.7,29.1,0.748,0.423,5013.1,water,0
25.2684,90.068,Tura,766.9,23.2,309.5,10,0.7,1.9,0.676,0.257,1104.0,agriculture,0
27.0889,94.1014,Jorhat,855.6,20.3,316.5,8,1.8,8.0,0.611,0.901,1062.6,bare,0
26.4826,92.8848,Tezpur,686.5,17.0,158.6,9,10.6,53.3,0.573,0.975,4612.2,forest,0
24.1792,91.1115,Agartala,918.3,20.4,304.4,5,0.0,0.0,0.48,0.268,991.3,urban,0
25.3309,90.2499,Tura,528.1,16.5,125.6,6,14.6,91.9,0.584,0.783,2133.3,urban,0
26.3562,94.2275,Jorhat,446.0,44.5,319.1,6,29.8,107.4,0.54,0.959,190.2,forest,1
24.8419,93.9928,Imphal,2574.2,12.7,113.3,8,27.9,209.1,0.452,0.581,1739.8,agriculture,1
25.1563,91.9871,Dawki,788.1,19.8,196.0,4,3.5,10.6,0.605,0.133,2375.9,forest,0
26.4001,91.6634,Guwahati,602.5,28.3,274.9,4,11.9,51.2,0.499,0.261,7490.2,urban,0
27.4038,95.288,Dibrugarh,1147.9,19.5,198.7,5,1.7,13.0,0.718,0.243,3741.3,forest,0
24.3309,91.2144,Agartala,1262.5,7.5,86.7,6,1.3,3.6,0.52,0.677,1103.1,water,0
25.6169,93.9163,Kohima,1261.7,8.7,262.4,6,13.7,44.0,0.6,0.808,2074.6,forest,0
23.8521,91.2514,Agartala,1248.4,25.9,126.6,10,2.5,16.6,0.519,0.26,8490.3,agriculture,0
25.8603,94.0435,Kohima,1595.5,25.5,269.6,6,15.1,47.1,0.645,0.753,730.2,water,0
25.351,90.4654,Tura,956.7,35.6,183.9,6,0.8,1.8,0.393,0.44,8376.6,agriculture,0
26.5233,92.4551,Tezpur,368.2,17.7,38.9,9,14.3,56.5,0.636,0.404,1320.6,agriculture,0
26.6737,94.3231,Jorhat,341.2,35.9,14.9,6,12.3,88.0,0.49,0.869,898.9,forest,0
26.174,91.856,Guwahati,1027.4,15.8,256.2,9,13.1,36.0,0.655,0.645,858.3,forest,0
24.778,91.7375,Dawki,714.9,14.4,237.0,7,4.9,26.0,0.683,1.0,112.2,agriculture,0
23.7357,92.6004,Aizawl,761.4,42.5,101.3,7,9.7,64.8,0.391,0.93,1424.4,water,0
23.6285,92.7042,Aizawl,418.5,13.7,161.7,7,12.7,50.7,0.498,0.626,10527.1,urban,0
25.5947,94.3499,Kohima,697.5,7.7,61.1,4,1.6,4.4,0.627,0.186,2172.7,forest,0
27.3828,95.184,Dibrugarh,180.1,28.9,45.4,7,21.8,96.8,0.649,0.957,676.2,water,0
26.8137,94.0371,Jorhat,419.6,12.0,14.5,6,9.5,27.4,0.556,0.401,105.1,forest,0
25.7577,91.756,Guwahati,334.5,15.6,336.7,8,42.5,257.8,0.684,0.485,7952.3,forest,0
24.6036,93.7674,Imphal,181.6,19.6,16.9,6,7.8,26.8,0.817,0.825,960.6,agriculture,0
27.8031,94.7419,Dibrugarh,1211.9,23.3,127.7,6,0.9,4.9,0.853,0.94,22.1,agriculture,0
25.9912,94.14,Kohima,138.4,14.5,258.3,7,41.9,158.0,0.843,0.872,3893.5,urban,0
24.7742,93.81,Imphal,711.5,19.1,308.8,6,3.2,8.9,0.748,0.723,8436.5,forest,0
23.7325,91.2026,Agartala,591.0,9.0,187.8,4,9.8,56.8,0.583,0.202,1028.5,agriculture,0
25.6335,94.078,Kohima,1407.0,2.5,321.8,6,14.3,108.3,0.602,0.748,981.4,forest,0
26.532,94.1403,Jorhat,1716.9,39.5,26.8,4,6.1,29.5,0.484,0.225,8324.5,agriculture,0
23.7118,91.2891,Agartala,1039.7,41.3,103.5,7,11.4,50.7,0.419,0.818,2171.9,water,0
25.8358,91.8022,Guwahati,876.7,23.0,121.7,8,3.1,20.3,0.517,0.641,248.9,bare,0
25.8713,91.9514,Guwahati,779.8,31.6,164.8,6,30.3,104.8,0.487,0.51,2240.2,agriculture,0
26.7487,92.7286,Tezpur,546.9,18.1,341.5,8,0.1,0.7,0.828,0.527,8.1,urban,0
23.8484,92.6285,Aizawl,771.7,30.8,10.9,9,9.3,30.6,0.781,0.516,720.7,forest,0
25.3839,89.9916,Tura,680.7,25.0,129.1,5,1.7,4.3,0.436,0.259,6035.0,forest,0
26.8917,94.1269,Jorhat,159.1,23.0,238.4,7,37.0,108.7,0.663,1.0,6594.7,agriculture,0
27.4065,94.8222,Dibrugarh,638.3,8.1,234.9,3,1.8,9.4,0.539,0.134,6900.1,agriculture,0
25.8404,91.7953,Guwahati,1730.9,7.8,230.0,4,1.7,6.4,0.436,0.245,471.8,urban,0
27.1877,93.7034,Itanagar,550.5,13.4,113.7,8,3.7,17.4,0.775,0.567,8080.1,urban,0
23.1208,92.7842,Aizawl,583.1,25.5,23.5,9,15.6,91.7,0.653,0.595,1349.6,urban,0
23.9994,91.2591,Agartala,400.3,29.8,189.1,3,10.8,44.9,0.271,0.172,1137.9,forest,0
26.3292,91.7391,Guwahati,894.8,21.6,49.4,10,1.3,6.1,0.421,0.258,2164.8,agriculture,0
27.1128,93.6601,Itanagar,515.3,9.1,20.5,7,27.5,57.9,0.614,0.859,961.5,forest,0
25.2534,90.3208,Tura,1252.5,26.1,249.8,6,21.4,122.1,0.604,0.419,4500.3,forest,0
27.1408,94.8178,Dibrugarh,1218.3,6.1,208.7,5,3.7,11.4,0.595,0.184,2083.2,water,0
26.0653,91.8304,Guwahati,530.7,4.0,328.2,10,0.5,1.1,0.35,0.196,2366.8,agriculture,0
25.8869,91.5852,Guwahati,636.1,11.8,184.8,4,1.7,7.8,0.708,0.241,399.3,forest,0
26.6018,93.0068,Tezpur,2150.9,31.9,357.0,5,3.5,21.3,0.436,0.236,1447.8,agriculture,0
23.6693,92.747,Aizawl,357.3,28.7,86.2,8,9.6,69.9,0.533,0.436,1836.1,forest,0
25.7289,90.006,Tura,2631.3,12.7,97.1,9,110.1,359.8,0.728,0.501,437.7,water,0
26.3117,91.6207,Guwahati,523.6,34.5,123.2,12,3.0,13.4,0.515,0.221,5553.5,forest,0
25.6873,94.0181,Kohima,280.4,15.3,358.6,7,25.4,116.6,0.663,0.618,1620.7,forest,0
24.8946,91.951,Dawki,983.8,35.6,58.5,10,5.7,41.1,0.816,0.254,22.5,forest,0
27.2048,94.1474,Jorhat,1070.2,20.7,158.5,3,2.6,14.5,0.502,0.222,420.1,forest,0
27.8503,95.2597,Dibrugarh,486.6,8.3,88.5,10,1.2,9.5,0.932,0.248,2926.2,forest,0
25.3318,90.2109,Tura,396.9,19.8,227.2,8,8.4,32.4,0.573,0.89,748.1,agriculture,0
23.6951,91.1312,Agartala,394.7,8.2,2.6,8,26.2,75.4,0.636,0.859,2922.9,forest,0
23.7145,92.7348,Aizawl,427.9,15.2,77.6,9,3.7,19.3,0.765,0.81,2095.3,forest,0
25.5105,90.2597,Tura,1006.3,2.1,246.4,7,21.7,106.7,0.661,0.501,9837.3,agriculture,0
25.0016,93.9979,Imphal,323.5,25.1,293.4,5,1.1,2.1,0.581,0.21,3579.6,forest,0
27.122,93.7619,Itanagar,1090.3,23.7,162.5,4,1.8,12.9,0.485,0.291,2260.4,agriculture,0
25.5786,93.8909,Kohima,52.4,22.8,177.1,7,4.1,27.6,0.286,0.858,1100.6,forest,0
23.7259,91.1875,Agartala,552.5,41.6,66.4,7,4.8,30.9,0.444,0.983,8718.1,water,0
23.8116,91.3909,Agartala,1436.5,30.2,101.4,5,2.2,7.5,0.836,0.238,116.4,bare,0
25.7529,91.838,Shillong,331.8,22.6,41.5,7,16.5,52.8,0.57,0.509,356.4,urban,0
25.4531,91.8575,Dawki,528.7,22.2,175.5,8,43.8,240.1,0.505,0.574,5425.1,forest,0
27.6598,95.0198,Dibrugarh,862.4,27.2,233.8,6,9.2,34.0,0.443,0.996,2126.3,agriculture,1
25.3471,91.8768,Dawki,547.1,20.2,359.9,1,3.1,8.7,0.618,0.234,4373.7,water,0
27.6643,95.0416,Dibrugarh,1535.5,20.7,37.7,5,2.2,11.9,0.424,0.179,9364.1,forest,0
27.0738,93.7854,Itanagar,754.7,9.6,231.9,8,30.2,222.7,0.85,0.945,3820.1,forest,0
23.8029,92.5247,Aizawl,253.4,27.1,242.3,12,6.4,31.1,0.393,0.24,8484.6,agriculture,0
26.3162,91.8555,Guwahati,1886.3,29.4,183.2,3,1.5,6.8,0.472,0.263,3633.6,forest,1
25.8672,94.1195,Kohima,578.9,35.0,130.6,7,28.3,207.6,0.864,0.899,1133.1,forest,0
26.6377,94.8229,Jorhat,1098.0,17.4,147.1,7,0.8,1.8,0.647,0.797,631.9,agriculture,0
25.4904,94.1718,Kohima,377.3,28.7,149.1,8,4.7,37.5,0.662,0.526,1118.4,forest,0
25.1764,91.9828,Dawki,185.0,48.6,181.3,9,16.4,65.9,0.497,0.747,84.7,forest,0
24.9903,93.9911,Imphal,667.5,33.4,261.8,8,2.3,10.6,0.773,0.764,4773.1,agriculture,0
26.912,94.1332,Jorhat,676.2,10.5,73.9,5,0.4,1.6,0.64,0.255,443.1,forest,0
27.2685,93.4655,Itanagar,1355.1,31.1,185.5,8,12.4,65.9,0.34,0.585,1986.2,forest,0
27.9349,94.9098,Dibrugarh,438.3,15.3,246.7,12,3.5,25.7,0.597,0.253,8789.8,bare,0
25.714,90.2697,Tura,708.0,24.5,190.1,4,2.7,13.2,0.594,0.229,2777.5,forest,0
25.7603,91.5273,Guwahati,123.7,14.8,346.7,7,61.5,433.1,0.614,0.986,7698.4,forest,0
27.5623,94.9181,Dibrugarh,2092.4,31.4,56.0,5,0.7,4.8,0.536,0.221,27.4,forest,0
24.8347,93.7953,Imphal,664.9,20.1,121.1,7,58.1,359.2,0.428,0.934,1047.0,forest,1
25.7435,90.3458,Tura,499.7,26.5,68.4,9,1.9,11.0,0.784,0.854,11039.1,urban,1
25.1538,92.0211,Dawki,1264.2,26.3,157.6,6,19.0,70.9,0.489,0.354,1484.5,water,1
25.4953,92.0499,Dawki,1232.3,35.4,188.4,4,0.4,2.2,0.574,0.26,322.2,bare,1
23.9922,91.1534,Agartala,305.0,37.1,350.2,6,1.1,4.5,0.539,0.787,215.5,agriculture,0
27.1174,93.9588,Itanagar,327.4,39.1,179.1,5,3.9,12.1,0.575,0.292,2642.5,agriculture,1
23.5537,91.367,Agartala,2534.2,36.5,110.1,3,8.1,35.3,0.499,0.237,2221.7,urban,1
25.0544,93.7001,Imphal,1163.4,13.9,134.2,6,11.8,28.7,0.504,0.755,3252.9,forest,0
27.7415,95.1282,Dibrugarh,527.1,11.8,122.1,7,8.7,28.7,0.671,0.76,4108.1,forest,0
24.6787,93.8879,Imphal,198.7,28.3,339.8,1,0.8,6.2,0.532,0.243,3410.5,forest,0
26.9839,93.6877,Itanagar,5195.8,33.3,216.7,3,10.8,56.8,0.591,0.17,1015.8,agriculture,0
25.0599,94.0242,Imphal,1261.2,3.8,98.8,6,22.6,172.8,0.28,0.56,400.4,forest,0
26.066,91.6744,Guwahati,764.9,11.1,294.5,10,5.2,28.1,0.272,0.243,168.8,agriculture,0
26.7186,94.5907,Jorhat,950.5,18.4,76.9,8,7.8,59.1,0.516,0.879,510.7,forest,0
25.7132,91.5614,Shillong,2378.8,46.5,111.6,7,7.7,54.9,0.439,0.603,340.3,agriculture,0
27.1479,93.7666,Itanagar,146.3,23.0,181.1,4,2.9,11.7,0.412,0.179,4393.0,forest,0
27.1134,93.4609,Itanagar,633.1,23.1,174.0,4,0.4,2.5,0.34,0.265,4348.0,forest,0
26.946,94.378,Jorhat,548.7,20.1,242.0,7,1.6,10.7,0.574,0.719,1445.0,forest,0
24.0367,91.1543,Agartala,532.7,13.7,114.2,8,10.3,39.9,0.644,0.735,440.3,forest,0
27.3526,94.9738,Dibrugarh,566.4,29.0,148.9,6,7.1,35.6,0.861,0.654,235.9,agriculture,0
27.322,93.1811,Itanagar,2391.3,24.8,69.9,7,41.0,287.1,0.527,0.989,8806.9,forest,1
24.7892,93.7296,Imphal,108.7,26.1,141.1,6,17.6,76.0,0.75,0.873,547.3,agriculture,0
25.6804,90.1434,Tura,1026.0,25.2,294.0,10,4.7,26.5,0.513,0.261,1003.4,agriculture,0
25.1193,91.937,Dawki,1113.0,22.2,286.3,4,1.8,12.4,0.523,0.281,6563.4,agriculture,0
24.2336,91.3261,Agartala,465.2,25.5,65.9,6,8.5,48.8,0.52,0.863,3043.4,agriculture,0
23.6137,92.4177,Aizawl,151.8,14.8,13.7,12,2.0,12.9,0.95,0.207,5467.0,agriculture,0
24.8327,94.0318,Imphal,572.2,18.1,259.3,10,1.6,5.0,0.551,0.244,3538.6,agriculture,0
25.8677,94.1286,Kohima,442.0,4.2,101.8,7,16.7,49.6,0.422,0.91,3317.4,forest,0
26.6487,91.5388,Guwahati,738.4,17.6,110.2,8,4.1,15.1,0.749,0.558,3938.3,forest,0
25.1645,93.6956,Imphal,1568.3,32.4,87.0,7,32.7,139.6,0.769,0.61,4414.7,forest,0
26.1089,91.3432,Guwahati,85.0,6.7,40.7,8,21.3,145.8,0.505,0.569,924.0,bare,0
23.5286,92.7296,Aizawl,423.5,9.6,96.2,7,2.4,13.6,0.814,0.829,8760.5,forest,1
23.809,91.4026,Agartala,651.7,39.0,220.7,9,16.3,74.9,0.682,0.911,3312.8,urban,1
25.5335,93.7344,Kohima,229.5,29.0,117.6,8,1.2,2.9,0.518,0.818,394.7,forest,1
23.7542,91.4232,Agartala,788.6,23.9,224.1,5,2.1,11.1,0.615,0.228,243.6,forest,0
23.3761,91.2381,Agartala,323.1,21.4,328.9,9,5.3,35.7,0.55,0.331,13626.4,forest,0
26.3011,91.6614,Guwahati,1036.4,7.6,238.2,5,0.3,1.7,0.52,0.168,14789.0,bare,0
26.7415,93.2196,Tezpur,595.6,12.4,163.8,7,18.4,140.6,0.241,0.692,553.4,bare,0
23.889,91.2324,Agartala,478.9,38.0,177.6,7,3.1,23.3,0.779,0.632,386.8,forest,0
26.8144,92.5768,Tezpur,675.9,36.7,101.8,9,0.4,1.5,0.774,0.613,2462.9,bare,0
26.2027,91.8732,Guwahati,1139.2,46.2,349.4,5,2.7,12.4,0.358,0.178,2351.9,forest,1
25.2445,91.8402,Dawki,229.7,18.8,264.3,3,6.6,40.8,0.427,0.226,5553.6,agriculture,0
26.9693,93.5427,Itanagar,400.0,36.2,200.7,5,3.2,8.5,0.784,0.116,6151.6,water,0
26.1247,91.7794,Guwahati,461.3,16.6,299.9,8,5.2,20.8,0.625,0.803,2357.0,forest,1
26.6133,92.5804,Tezpur,85.5,18.0,290.7,4,1.5,6.1,0.587,0.243,5697.7,forest,0
26.7468,92.8013,Tezpur,1343.3,24.6,202.1,5,0.8,3.8,0.725,0.15,4596.4,forest,0
24.1647,91.3683,Agartala,1775.1,3.5,30.5,4,0.8,3.8,0.706,0.209,1555.8,forest,0
27.383,95.1981,Dibrugarh,188.6,26.9,180.2,9,11.3,40.1,0.634,0.482,5170.1,forest,0
23.7305,93.0818,Aizawl,609.8,15.9,60.7,7,18.8,141.0,0.504,0.654,384.0,agriculture,0
25.7804,94.0069,Kohima,279.0,11.6,109.6,5,4.6,18.0,0.665,0.224,6573.4,urban,0
26.9012,92.7054,Tezpur,747.5,36.2,125.0,8,7.0,20.1,0.461,0.675,5458.1,urban,0
27.3545,94.7994,Dibrugarh,752.2,25.1,94.6,5,3.5,17.8,0.508,0.162,3320.4,agriculture,0
23.8935,92.8687,Aizawl,985.9,20.3,261.5,9,8.0,53.0,0.521,0.552,2219.0,forest,0
25.7262,94.1199,Kohima,1185.5,8.3,269.0,6,5.5,38.5,0.686,0.623,1264.7,forest,0
25.9274,91.9027,Shillong,449.3,26.4,172.6,1,0.3,1.1,0.345,0.24,168.7,forest,0
24.8966,94.0892,Imphal,730.3,26.2,290.3,5,9.6,41.5,0.726,0.158,532.1,agriculture,0
25.6856,93.9908,Kohima,627.6,29.7,187.0,7,16.6,129.1,0.78,0.905,6045.3,water,0
24.6527,93.7753,Imphal,543.3,12.6,116.8,6,0.4,1.6,0.604,0.808,39.3,water,0
26.7408,94.2202,Jorhat,1713.4,7.1,217.3,10,0.7,2.0,0.665,0.218,3330.9,forest,0
25.0618,92.0285,Dawki,177.3,14.3,173.2,7,6.8,37.3,0.825,0.789,3768.6,agriculture,0
25.2168,91.9876,Dawki,944.6,13.2,74.2,9,2.6,12.2,0.839,0.794,208.8,agriculture,0
26.9606,93.9644,Jorhat,1207.4,15.1,146.8,8,32.0,142.8,0.318,0.913,1060.4,agriculture,0
23.4733,93.1784,Aizawl,2963.0,6.1,19.5,7,12.0,87.7,0.529,0.729,4853.1,forest,0
25.128,91.7232,Dawki,161.3,11.1,172.3,3,1.1,4.2,0.687,0.195,4395.8,forest,0
26.5119,92.7692,Tezpur,311.6,19.0,226.3,4,0.3,1.9,0.591,0.15,470.3,water,0
25.3576,92.0732,Dawki,744.5,28.9,190.7,8,26.7,77.5,0.484,0.735,100.0,forest,0
25.5369,90.1798,Tura,504.0,15.8,97.4,9,14.3,93.5,0.321,0.477,3234.3,forest,0
25.4841,91.7042,Shillong,268.5,23.4,327.0,4,3.8,23.4,0.308,0.22,5486.7,forest,0
26.534,93.7263,Jorhat,1036.7,35.9,74.2,5,1.2,6.8,0.846,0.272,6224.3,urban,0
25.9438,94.0296,Kohima,1399.4,9.6,11.2,9,2.2,6.2,0.746,0.971,2407.7,agriculture,0
25.3758,90.1176,Tura,1044.3,19.8,119.2,6,12.2,77.6,0.714,0.519,6703.8,forest,0
23.6067,93.1397,Aizawl,219.6,19.6,68.8,7,13.2,90.9,0.41,0.634,1092.5,water,0
24.961,94.1786,Imphal,340.0,35.0,356.2,8,62.9,136.8,0.488,0.313,1934.8,bare,1
25.6814,90.3079,Tura,614.8,5.6,232.1,6,45.2,96.5,0.674,0.639,326.6,water,0
26.3202,93.0196,Tezpur,664.4,32.4,176.9,8,41.6,106.1,0.83,0.748,12118.0,forest,1
25.4201,94.0221,Kohima,413.1,17.8,142.2,6,3.5,14.9,0.771,0.66,1569.7,water,0
25.6048,91.8189,Shillong,2186.0,17.5,353.2,10,6.9,43.8,0.478,0.234,552.7,agriculture,0
24.676,93.996,Imphal,139.2,17.5,327.3,4,0.2,0.3,0.778,0.133,3306.1,forest,0
23.6333,92.9331,Aizawl,541.1,29.8,273.0,2,5.1,10.6,0.417,0.28,216.6,agriculture,0
24.0885,90.7393,Agartala,872.6,19.5,314.5,6,13.3,94.2,0.549,0.62,220.7,forest,0
25.1922,91.8248,Dawki,1129.7,25.2,44.9,7,21.7,172.5,0.712,0.829,565.8,forest,1
27.2305,93.424,Itanagar,1122.5,16.1,325.1,9,9.4,60.6,0.783,0.812,1998.8,agriculture,0
25.8143,90.3436,Tura,904.5,28.3,176.3,8,26.9,109.9,0.589,0.614,10313.2,urban,0
26.9304,94.1768,Jorhat,259.2,39.8,61.5,5,2.6,11.7,0.407,0.241,11130.6,forest,0
26.8804,93.8473,Jorhat,1501.4,35.0,306.0,9,6.6,46.2,0.563,0.848,17562.3,bare,0
23.8118,91.5829,Agartala,923.8,34.3,4.1,4,1.1,3.0,0.559,0.228,1602.9,forest,0
27.0917,93.2862,Itanagar,844.6,34.3,229.0,8,37.5,280.3,0.459,0.473,4074.9,agriculture,0
24.7288,93.6223,Imphal,148.5,30.0,61.6,9,18.3,46.0,0.461,0.68,854.8,water,0
25.4663,90.2549,Tura,188.9,25.5,337.9,5,11.4,91.2,0.64,0.172,1110.3,forest,0
25.6749,90.2558,Tura,331.2,11.5,90.8,10,7.7,36.5,0.769,0.179,1667.5,agriculture,1
26.6289,93.75,Itanagar,877.6,36.0,54.8,5,1.0,7.8,0.345,0.206,5884.1,agriculture,0
26.7376,92.8767,Tezpur,606.2,43.6,92.5,8,8.2,63.5,0.511,0.741,2007.3,forest,1
24.8764,91.7215,Dawki,298.6,12.5,124.0,3,0.9,6.2,0.526,0.202,6204.3,bare,0
26.9139,94.1809,Jorhat,843.7,34.3,150.6,8,29.6,86.7,0.277,0.535,3067.0,urban,0
25.9219,91.5251,Shillong,559.3,29.3,36.8,9,13.1,103.7,0.843,0.777,901.7,forest,0
23.5058,91.1404,Agartala,1022.6,17.5,153.0,5,0.9,4.8,0.836,0.231,721.4,forest,0
24.9885,92.0198,Dawki,307.7,28.1,3.0,9,40.1,311.7,0.586,0.707,104.6,forest,0
26.445,94.2787,Jorhat,2866.4,14.9,210.8,6,1.4,4.6,0.555,0.415,1911.3,agriculture,0
24.0809,91.3925,Agartala,1839.1,26.2,229.6,7,18.9,132.6,0.726,0.725,897.2,water,0
25.5031,94.2522,Kohima,1469.6,31.0,102.3,5,4.1,14.3,0.532,0.146,1696.1,forest,0
27.409,93.3711,Itanagar,953.2,19.2,83.0,6,3.5,17.5,0.742,0.623,1525.3,forest,0
23.8492,92.6092,Aizawl,659.1,35.4,100.3,8,6.5,44.6,0.463,0.704,613.4,forest,0
26.1334,92.2059,Guwahati,761.1,16.2,174.1,4,4.3,21.5,0.463,0.243,2214.0,forest,0
23.9225,92.9411,Aizawl,517.6,43.9,128.6,7,6.3,15.7,0.526,0.82,1586.5,bare,0
23.5963,92.4975,Aizawl,293.0,23.3,201.5,1,0.3,0.7,0.608,0.2,467.0,water,0
26.0424,94.3428,Kohima,1957.3,28.4,233.7,6,37.4,104.7,0.856,0.804,2639.3,forest,1
25.4127,92.2078,Dawki,282.3,26.7,177.8,1,0.5,1.8,0.521,0.193,7311.2,bare,0
26.9656,94.2383,Jorhat,382.1,37.1,289.8,1,5.3,15.3,0.553,0.213,5943.8,urban,0
27.1621,93.3945,Itanagar,263.6,25.8,61.7,8,14.1,82.7,0.638,0.634,5976.0,water,0
23.8446,92.6196,Aizawl,682.6,35.0,278.5,9,0.4,2.2,0.546,0.85,3051.2,agriculture,0
27.2968,93.9659,Itanagar,981.0,34.2,28.7,6,12.1,48.2,0.459,0.618,3138.3,agriculture,0
25.0032,92.3162,Dawki,198.5,29.7,185.4,5,11.4,30.2,0.284,0.255,1249.2,forest,0
25.5833,90.1274,Tura,626.1,25.1,105.3,8,23.8,63.6,0.8,0.543,4950.2,forest,0
23.9928,92.5303,Aizawl,1554.6,22.3,264.9,5,0.5,1.8,0.648,0.21,9180.8,agriculture,0
23.8341,92.6865,Aizawl,295.5,25.4,296.9,5,8.0,33.5,0.734,0.186,3237.5,urban,0
25.3475,92.2062,Dawki,410.3,7.5,49.8,6,58.6,196.7,0.484,0.267,3633.6,agriculture,0
25.501,92.0425,Dawki,249.3,27.2,287.9,7,10.2,36.6,0.435,0.732,2933.6,agriculture,0
25.5036,90.4182,Tura,1209.5,25.8,255.5,10,0.8,5.5,0.674,0.155,3245.0,forest,0
27.481,95.0525,Dibrugarh,478.3,32.7,22.7,9,23.0,71.6,0.878,0.777,3202.3,forest,0
25.3517,91.9812,Dawki,1825.4,30.3,102.8,5,5.8,12.7,0.642,0.231,4797.6,agriculture,1
26.0486,91.6552,Guwahati,1023.8,13.5,303.5,7,3.5,24.1,0.79,0.486,6282.9,forest,0
26.5213,94.1553,Jorhat,943.4,21.8,1.4,8,13.6,53.2,0.366,0.485,2282.4,forest,0
26.831,92.7548,Tezpur,2098.8,8.4,6.8,4,2.1,12.6,0.55,0.278,2034.9,water,0
25.4548,91.6943,Shillong,733.5,12.7,87.2,5,4.5,12.4,0.488,0.269,1024.0,forest,0
23.5355,92.7274,Aizawl,733.2,16.4,336.5,9,15.5,87.5,0.937,0.63,1765.3,agriculture,0
24.909,93.8857,Imphal,458.9,33.1,50.0,5,3.9,11.8,0.406,0.234,315.9,urban,0
25.8039,89.9632,Tura,367.9,10.1,26.8,11,5.6,17.1,0.559,0.239,1381.6,bare,0
24.9904,93.8613,Imphal,144.4,14.9,21.0,12,4.2,30.1,0.74,0.206,244.4,bare,0
25.1216,92.1334,Dawki,358.4,21.8,18.0,3,4.9,33.4,0.694,0.147,4515.0,agriculture,0
26.8197,94.4168,Jorhat,550.4,43.4,315.6,10,0.9,4.4,0.486,0.198,24.4,forest,0
25.4777,93.6295,Kohima,1084.5,28.6,4.5,4,1.1,2.5,0.482,0.206,4410.7,forest,0
23.668,92.7382,Aizawl,1249.6,29.6,298.3,9,3.1,19.5,0.527,0.773,783.4,forest,0
24.7596,93.864,Imphal,457.9,6.7,225.4,4,0.6,4.5,0.427,0.259,1254.3,agriculture,1
25.7891,91.2976,Guwahati,1343.7,9.5,261.0,4,0.6,2.2,0.523,0.23,1403.5,agriculture,0
25.4358,92.1122,Dawki,812.8,29.5,125.5,5,3.1,15.0,0.258,0.164,7936.1,forest,0
23.7544,92.5887,Aizawl,738.7,35.0,231.2,5,0.7,2.6,0.679,0.255,11579.7,forest,0
27.1929,95.1132,Dibrugarh,481.7,23.6,12.2,7,3.1,12.6,0.535,0.331,368.8,water,0
27.3665,95.056,Dibrugarh,237.4,39.1,301.9,7,4.3,25.6,0.777,0.55,693.7,agriculture,0
23.7528,91.4745,Agartala,1337.1,41.1,339.8,9,3.0,13.3,0.544,0.553,915.2,forest,0
23.7121,91.1676,Agartala,212.1,27.9,73.9,8,18.0,62.8,0.659,0.784,1481.2,bare,0
26.4826,94.1557,Jorhat,1938.6,7.8,288.3,10,2.8,18.9,0.511,0.237,1615.4,urban,0
25.3982,92.1087,Shillong,7901.0,18.0,134.4,10,7.5,56.8,0.501,0.138,173.8,forest,0
24.4742,93.8933,Imphal,2165.9,7.8,208.8,10,0.2,1.1,0.615,0.128,1796.7,forest,0
26.6395,94.2824,Jorhat,361.5,38.1,188.3,4,1.5,5.0,0.605,0.172,8523.1,urban,0
27.6464,95.0346,Dibrugarh,256.7,13.2,264.2,3,3.0,20.1,0.608,0.215,2427.0,agriculture,0
26.549,92.8819,Tezpur,412.6,36.4,247.1,1,1.1,6.5,0.667,0.213,110.1,water,0
26.7804,93.0313,Tezpur,393.6,24.5,25.2,8,42.0,84.5,0.732,0.704,4224.8,forest,0
26.0424,91.5366,Guwahati,444.0,37.0,358.3,6,14.3,60.1,0.836,0.346,711.6,agriculture,1
27.1487,93.7143,Itanagar,2149.9,26.6,336.3,6,2.2,7.5,0.315,0.874,47.6,forest,0
27.2982,95.072,Dibrugarh,372.5,21.9,131.2,6,15.2,98.7,0.446,0.814,4423.9,agriculture,0
24.0217,92.8658,Aizawl,2278.8,30.2,358.7,9,7.9,54.7,0.757,0.764,133.3,water,0
25.0446,92.2346,Dawki,792.3,14.7,55.8,9,11.1,84.0,0.691,1.0,575.6,forest,0
26.686,93.9765,Jorhat,842.9,37.7,264.4,7,25.9,139.3,0.471,0.845,670.7,water,0
27.2099,94.8112,Dibrugarh,834.7,22.8,8.3,6,2.4,12.9,0.571,0.957,392.1,forest,1
27.9087,94.9927,Dibrugarh,149.1,25.6,208.4,8,17.4,116.0,0.697,0.932,5211.5,agriculture,0
25.6298,93.94,Kohima,5028.4,30.5,159.4,6,19.3,131.2,0.667,0.686,1350.3,bare,0
27.3536,94.9898,Dibrugarh,231.4,32.3,112.3,10,6.1,32.8,0.795,0.226,1795.6,forest,0
24.542,93.8429,Imphal,202.3,14.7,11.6,8,21.6,141.6,0.95,0.665,2098.8,forest,1
24.906,93.9254,Imphal,2118.7,29.2,252.8,5,2.6,8.3,0.605,0.282,8253.6,water,0
25.6851,91.5407,Shillong,489.1,14.0,0.3,8,63.2,433.5,0.802,0.841,1945.3,forest,0
27.4852,95.0804,Dibrugarh,410.6,29.1,315.9,8,34.5,238.5,0.873,0.801,3007.4,agriculture,1
27.7404,95.3299,Dibrugarh,643.6,29.6,272.6,5,0.8,2.2,0.717,0.259,2668.4,bare,0
26.6089,91.8815,Guwahati,84.6,39.2,243.1,8,9.3,49.7,0.565,0.367,7428.2,water,1
27.5618,94.8511,Dibrugarh,497.7,16.4,245.5,12,0.8,4.6,0.596,0.207,3141.7,agriculture,0
23.9245,91.2317,Agartala,510.1,29.7,63.9,7,10.2,50.6,0.622,0.374,421.7,agriculture,0
26.993,94.7969,Dibrugarh,156.1,8.2,184.7,5,0.6,1.5,0.178,0.163,3411.9,agriculture,0
23.6668,92.8681,Aizawl,645.2,19.9,30.9,7,20.4,161.6,0.538,0.39,714.0,urban,0
26.7727,92.6746,Tezpur,796.4,21.6,282.3,8,5.7,29.8,0.451,0.86,904.9,forest,0
27.3009,93.9425,Itanagar,155.9,5.2,348.7,4,1.3,5.8,0.76,0.283,2139.6,forest,0
25.3099,90.3892,Tura,612.3,17.4,314.4,4,3.4,20.9,0.574,0.229,1910.8,forest,0
25.455,92.1259,Dawki,651.0,41.7,288.1,7,87.2,413.1,0.431,0.63,537.5,water,0
23.6835,92.7221,Aizawl,1656.1,13.6,328.0,9,2.1,16.4,0.58,0.959,7166.3,forest,0
27.2205,93.5897,Itanagar,2328.3,5.7,91.4,6,23.2,181.7,0.807,1.0,1310.0,forest,1
25.0523,92.1778,Dawki,156.1,11.9,253.7,10,1.7,8.4,0.445,0.197,3506.1,forest,0
25.392,91.7191,Dawki,1742.9,24.1,279.9,6,6.0,28.2,0.824,0.768,10580.3,agriculture,1
25.1896,92.048,Dawki,694.4,7.6,91.5,9,33.6,106.3,0.698,0.562,157.7,bare,0
26.0375,93.8806,Kohima,200.6,27.6,15.1,5,6.0,32.3,0.541,0.218,513.3,agriculture,0
24.1634,92.4979,Aizawl,1602.9,11.2,301.6,4,0.3,1.5,0.528,0.247,2083.9,agriculture,0
23.9471,91.3661,Agartala,364.5,33.9,342.9,9,35.0,240.9,0.598,0.47,2227.0,agriculture,0
27.1031,93.5471,Itanagar,868.4,12.6,245.8,5,1.9,13.9,0.443,0.288,4131.9,forest,0
25.2847,92.1016,Shillong,434.5,17.9,107.3,2,0.1,0.2,0.411,0.158,1809.9,agriculture,0
25.8118,93.9883,Kohima,1005.9,23.1,310.1,5,8.5,47.6,0.425,0.231,3756.0,urban,1
25.2157,91.9017,Dawki,152.7,21.3,220.5,8,21.9,162.5,0.95,0.806,520.5,forest,0
24.0337,92.8213,Aizawl,306.3,23.7,253.8,9,8.5,64.7,0.563,0.738,1312.1,water,0
25.8455,94.1896,Kohima,333.2,18.4,115.6,5,6.3,30.8,0.901,0.229,54.1,forest,0
26.6386,92.6219,Tezpur,423.5,17.9,233.5,9,20.7,149.3,0.72,0.86,1480.7,agriculture,0
26.6043,92.7998,Tezpur,766.1,26.0,20.0,7,13.0,74.0,0.474,0.584,3548.8,water,0
26.749,92.4772,Tezpur,633.5,29.2,336.4,7,11.6,54.3,0.775,0.262,10.2,forest,0
23.465,92.3877,Aizawl,539.9,18.0,157.4,8,12.6,96.9,0.57,0.765,5626.5,forest,0
25.0203,92.0629,Dawki,579.6,38.4,159.5,5,12.1,31.1,0.865,0.272,1015.7,water,0
23.8965,91.1367,Agartala,243.5,19.2,118.5,4,17.3,62.3,0.564,0.217,76.0,agriculture,0
27.4739,94.6682,Dibrugarh,422.9,13.0,59.5,8,3.9,20.1,0.932,0.506,1667.7,agriculture,0
26.3566,91.7377,Guwahati,154.0,10.1,42.3,10,0.8,6.1,0.834,0.234,4925.2,forest,0
27.5797,95.0804,Dibrugarh,667.8,24.7,3.2,8,6.3,42.6,0.755,0.732,1286.4,bare,1
23.6268,91.4237,Agartala,90.4,19.5,59.8,6,11.6,77.4,0.434,0.699,3840.6,agriculture,0
26.8305,94.2322,Jorhat,3105.8,15.8,130.8,5,2.1,16.5,0.741,0.19,6089.2,forest,1
26.6337,92.8782,Tezpur,347.3,11.8,161.7,6,1.7,10.9,0.95,0.945,1699.3,urban,0
27.4491,94.9424,Dibrugarh,2459.0,17.8,101.1,10,1.1,5.1,0.461,0.251,2750.4,agriculture,0
26.7081,93.971,Jorhat,1145.0,9.7,303.4,7,11.4,43.4,0.434,0.608,4713.1,agriculture,0
27.3134,93.1182,Itanagar,359.6,14.5,72.9,9,29.4,72.3,0.598,0.398,1178.3,forest,0
25.9425,91.62,Guwahati,1144.4,43.2,20.2,7,29.3,143.2,0.432,0.584,1292.7,forest,0
26.5976,92.7434,Tezpur,1544.1,16.0,188.5,7,6.6,48.1,0.561,0.887,8787.8,forest,0
23.9423,91.4213,Agartala,622.0,10.9,213.2,9,6.6,25.2,0.772,0.871,1336.3,water,0
26.9887,94.2614,Jorhat,1387.1,17.7,196.1,4,6.1,37.0,0.673,0.175,645.1,urban,1
23.7089,92.7131,Aizawl,1372.8,49.8,299.2,1,1.0,1.9,0.587,0.199,7736.9,bare,0
26.7648,92.6881,Tezpur,500.0,17.3,278.2,5,4.4,28.4,0.765,0.267,873.3,forest,0
24.1673,92.7436,Aizawl,124.0,6.4,16.4,6,11.4,50.5,0.503,0.42,1492.9,water,0
24.8935,92.1689,Dawki,1554.6,23.8,193.2,10,2.7,5.5,0.637,0.166,6841.4,agriculture,0
25.9028,91.7271,Guwahati,462.1,30.0,271.4,7,20.6,66.4,0.815,0.356,1782.3,urban,0
25.7629,94.0785,Kohima,1065.8,9.1,283.0,4,0.4,1.2,0.632,0.178,4035.7,forest,0
25.6913,92.1412,Shillong,1720.2,23.1,118.5,7,1.0,3.1,0.47,0.676,8460.4,agriculture,0
24.8289,93.7817,Imphal,428.1,16.1,137.7,6,4.1,21.2,0.636,0.861,2923.0,forest,0
25.7844,91.8616,Shillong,128.6,47.3,329.6,8,3.9,8.4,0.314,0.732,858.0,forest,0
25.6843,94.076,Kohima,875.4,14.7,97.6,6,27.7,57.1,0.41,0.756,94.8,agriculture,0
24.9035,93.5864,Imphal,522.9,29.3,67.4,8,9.6,39.6,0.747,0.556,1194.8,water,1
25.5805,90.1595,Tura,1017.1,21.0,261.6,9,16.8,54.3,0.583,0.722,448.2,forest,0
25.0193,92.133,Dawki,1150.1,19.5,316.7,5,8.8,35.8,0.864,0.187,129.8,forest,0
25.7625,91.5821,Guwahati,173.4,16.6,232.2,6,5.3,40.3,0.597,0.908,461.4,urban,0
26.8589,92.382,Tezpur,394.0,19.6,16.8,10,1.1,5.3,0.487,0.266,1550.1,forest,0
24.7007,94.1158,Imphal,1109.9,12.8,214.8,8,3.1,23.9,0.856,0.477,1157.2,forest,0
26.5671,92.6682,Tezpur,1925.5,37.4,125.8,10,8.1,28.0,0.554,0.208,775.5,forest,0
26.0733,91.7054,Guwahati,642.7,8.5,157.0,12,1.3,7.5,0.909,0.234,6440.2,water,0
27.2846,93.854,Itanagar,535.3,9.0,143.5,4,1.6,3.9,0.573,0.202,2266.6,bare,0
25.6532,90.4743,Tura,729.5,16.5,171.1,5,3.0,23.3,0.8,0.192,4622.5,forest,0
27.4685,94.9332,Dibrugarh,917.0,33.8,141.6,9,4.7,17.1,0.204,0.995,2469.5,forest,0
26.9721,93.3167,Itanagar,368.3,20.9,305.5,6,26.6,77.8,0.624,0.842,2567.6,forest,0
25.574,91.6508,Shillong,828.5,12.1,173.7,10,1.0,4.7,0.635,0.259,21947.7,forest,0
25.0745,92.2295,Dawki,686.1,16.5,181.0,8,0.1,0.4,0.415,0.271,8237.1,forest,0
27.3732,94.7343,Dibrugarh,2060.2,15.7,72.0,4,0.4,2.6,0.42,0.179,1242.3,agriculture,1
24.2447,90.7192,Agartala,284.1,50.0,343.1,5,3.9,26.6,0.521,0.251,5663.2,forest,0
23.8848,91.2174,Agartala,356.7,9.1,187.4,8,6.8,15.2,0.615,0.564,1317.7,bare,0
25.8392,92.9732,Tezpur,485.5,30.3,95.7,4,3.6,12.8,0.587,0.218,3030.8,water,0
25.6194,91.9275,Shillong,955.6,34.1,105.6,9,1.1,7.3,0.358,0.602,1871.3,agriculture,0
25.7109,94.2069,Kohima,505.7,18.9,144.2,12,5.2,23.8,0.812,0.162,1547.4,forest,0
23.8338,90.8004,Agartala,400.9,13.6,193.9,9,36.8,121.1,0.572,0.735,240.5,forest,0
25.5773,90.1823,Tura,1409.7,11.0,180.9,5,8.8,42.3,0.53,0.23,983.8,agriculture,0
23.5249,91.7742,Agartala,685.0,34.6,25.1,5,0.7,1.4,0.368,0.234,3167.2,forest,0
25.4338,91.8172,Shillong,654.5,47.9,268.2,4,0.3,2.1,0.577,0.243,3699.0,agriculture,0
25.6452,94.2633,Kohima,981.3,24.1,336.9,9,6.1,15.2,0.536,0.599,6086.4,agriculture,0
26.598,94.078,Jorhat,738.0,20.4,257.3,8,16.5,119.0,0.755,0.573,5114.7,forest,0
23.4771,93.1583,Aizawl,375.2,25.7,189.9,5,3.8,23.4,0.645,0.162,753.1,forest,0
26.6206,92.6282,Tezpur,1286.8,26.4,87.6,9,3.3,22.4,0.639,0.664,5567.0,forest,0
24.0158,91.325,Agartala,421.1,26.5,272.8,7,1.9,10.0,0.55,0.932,44.8,urban,0
25.6691,94.076,Kohima,177.4,14.7,308.3,7,3.7,11.1,0.8,0.757,1522.3,agriculture,1
26.6766,93.618,Itanagar,491.8,26.3,351.0,8,8.1,50.3,0.655,0.7,33.3,water,0
25.2443,92.1999,Dawki,713.7,11.9,63.6,4,4.0,18.9,0.768,0.257,4080.5,urban,0
25.6264,90.1055,Tura,338.4,17.0,297.5,6,4.8,25.3,0.539,0.744,9238.4,agriculture,0
25.5051,90.206,Tura,1345.1,44.9,159.8,5,3.4,24.7,0.561,0.26,86.2,agriculture,0
24.9956,92.0359,Dawki,2095.1,5.5,36.2,4,9.7,21.5,0.508,0.185,3186.6,forest,0
23.9863,91.2905,Agartala,1535.1,15.7,75.8,8,1.1,7.9,0.55,0.961,2498.4,forest,0
26.1211,91.9794,Guwahati,364.6,30.7,306.4,7,3.5,20.0,0.75,0.746,12266.5,urban,0
25.7138,94.3453,Kohima,229.2,23.7,157.3,4,2.5,19.2,0.655,0.257,11348.5,urban,0
27.6154,94.8832,Dibrugarh,378.2,35.5,238.3,7,16.7,36.6,0.8,0.86,216.7,forest,1
26.9906,93.8733,Itanagar,1095.4,39.5,122.4,9,0.8,3.1,0.574,0.424,10347.5,water,0
26.557,92.9566,Tezpur,422.0,35.5,125.6,7,13.6,106.3,0.683,0.357,961.3,forest,1
25.3732,90.3129,Tura,1771.2,31.5,75.3,7,2.5,19.7,0.709,0.701,4877.6,forest,0
27.4424,94.8732,Dibrugarh,374.8,27.2,83.2,6,14.3,102.3,0.65,0.768,13264.2,agriculture,0
26.6876,94.2808,Jorhat,93.6,16.1,217.4,7,26.0,196.0,0.765,0.645,2094.9,forest,0
25.5722,91.9264,Shillong,1357.6,14.7,357.0,12,3.0,14.1,0.901,0.241,653.9,agriculture,0
25.6157,93.7756,Kohima,553.5,13.0,116.1,3,0.1,0.6,0.686,0.261,6358.4,agriculture,0
23.5995,92.9447,Aizawl,1143.2,15.0,113.2,7,11.4,79.4,0.592,0.722,120.6,forest,0
25.6059,93.8666,Kohima,816.1,22.3,232.7,5,3.9,23.0,0.805,0.207,2940.4,urban,0
25.606,94.1055,Kohima,1468.3,13.3,212.2,6,14.7,110.0,0.606,0.916,1298.0,forest,0
25.3231,91.8238,Shillong,957.0,33.2,282.1,4,7.3,23.1,0.658,0.225,1258.4,forest,0
23.5344,92.8457,Aizawl,638.7,22.4,2.0,3,7.4,55.4,0.516,0.278,1500.5,agriculture,0
25.5911,94.3957,Kohima,347.3,19.3,151.4,8,46.3,328.9,0.599,0.624,6086.3,urban,0
25.5208,92.0169,Shillong,680.3,51.4,162.5,10,0.9,5.5,0.398,0.212,1339.4,agriculture,1
27.8652,95.3693,Dibrugarh,216.3,35.3,246.8,4,0.4,2.1,0.525,0.263,3.9,urban,0
27.5039,94.9005,Dibrugarh,265.6,14.7,213.7,5,3.1,24.7,0.675,0.154,1209.0,forest,0
27.4765,94.6914,Dibrugarh,884.8,7.6,151.1,7,23.5,112.9,0.643,0.827,269.3,bare,0
25.3756,90.4166,Tura,357.8,7.1,244.9,6,6.0,36.6,0.758,0.642,277.4,urban,0
27.4862,94.8804,Dibrugarh,451.9,7.7,74.6,6,2.2,5.3,0.504,0.853,50.0,forest,0
24.4811,93.8981,Imphal,579.1,21.8,356.0,9,1.1,8.0,0.443,0.774,6796.7,forest,0
24.9502,92.1095,Dawki,1028.2,17.3,238.2,8,4.4,11.2,0.532,0.842,890.1,forest,0
27.0221,93.6151,Itanagar,425.9,28.9,282.6,6,21.2,90.9,0.387,0.997,6904.1,forest,0
24.7982,93.9494,Imphal,807.1,12.9,36.4,9,37.0,241.9,0.522,0.529,4345.3,water,0
25.1694,94.0634,Kohima,798.8,16.5,288.6,8,9.5,51.6,0.335,0.615,2740.1,water,0
25.342,90.0278,Tura,815.1,19.5,338.6,5,1.1,3.8,0.714,0.248,2020.7,forest,0
26.7182,92.7351,Tezpur,1473.5,9.4,88.1,9,13.1,31.7,0.435,0.412,6263.2,forest,0
25.0103,93.8485,Imphal,357.7,37.1,271.2,6,21.6,139.9,0.617,0.951,708.8,agriculture,0
25.6248,90.0324,Tura,3009.0,4.9,221.4,4,5.4,41.3,0.61,0.263,3836.4,forest,0
27.3412,94.9032,Dibrugarh,209.6,43.4,329.7,8,0.9,4.5,0.628,0.45,2124.0,bare,1
25.7856,91.8674,Guwahati,388.8,15.1,83.9,7,38.5,249.8,0.49,0.558,6753.1,forest,1
23.6418,92.4967,Aizawl,1466.0,28.9,54.3,8,8.2,46.4,0.658,0.505,1066.0,forest,0
25.7544,90.3026,Tura,278.7,13.0,52.2,4,3.0,5.9,0.818,0.23,1687.0,agriculture,0
26.2077,91.5131,Guwahati,216.6,28.2,87.9,7,9.6,62.2,0.381,0.534,345.5,agriculture,0
27.4261,94.7402,Dibrugarh,769.1,22.5,149.1,8,3.6,13.5,0.618,0.664,317.4,water,1
24.9025,92.0768,Dawki,750.1,37.3,349.6,9,11.7,90.9,0.621,0.924,4864.8,agriculture,1
25.3006,90.0955,Tura,994.3,38.3,187.2,6,11.1,73.8,0.432,0.647,3741.9,urban,0
23.8361,91.3855,Agartala,1343.9,32.7,312.0,9,49.3,120.0,0.443,0.699,315.7,agriculture,0
25.1794,92.0607,Dawki,657.0,15.0,305.2,9,13.6,74.1,0.685,0.688,10293.2,water,0
23.3414,91.2792,Agartala,420.7,26.1,338.2,6,6.7,30.9,0.66,0.897,5102.7,agriculture,0
25.282,92.3651,Dawki,299.2,18.9,77.7,9,1.3,6.2,0.434,0.589,3679.6,water,0
26.1718,93.1392,Tezpur,990.1,6.8,318.0,10,0.4,2.6,0.892,0.263,3004.4,forest,0
27.701,94.8729,Dibrugarh,559.8,18.6,195.6,9,1.8,13.4,0.493,1.0,5013.7,forest,0
24.7366,93.8619,Imphal,3213.1,23.7,149.1,11,2.6,18.9,0.66,0.215,122.5,forest,1
25.911,91.9117,Guwahati,146.7,14.9,261.5,7,11.9,62.5,0.476,0.668,576.5,urban,0
25.5491,92.0328,Shillong,720.0,12.6,70.0,11,1.3,7.6,0.502,0.191,1551.2,urban,0
25.1327,91.9197,Dawki,280.6,27.2,106.9,9,6.7,17.3,0.552,0.558,11142.4,urban,0
25.506,94.2477,Kohima,319.3,8.0,300.8,1,4.9,37.3,0.798,0.212,2510.4,forest,0
23.8492,92.4937,Aizawl,312.3,21.7,72.9,8,3.0,17.2,0.414,0.715,357.3,bare,0
26.8054,93.9155,Itanagar,277.4,32.3,169.3,7,4.6,26.9,0.442,0.811,2310.1,water,1
23.5452,91.3437,Agartala,3070.3,9.6,264.3,8,8.2,30.8,0.465,0.718,5674.1,forest,0
24.7943,93.9326,Imphal,820.0,23.6,29.2,6,50.9,148.4,0.484,0.905,790.7,agriculture,1
25.3968,90.2227,Tura,658.1,10.9,11.6,7,5.6,33.8,0.537,0.86,1592.4,bare,1
23.9148,92.7835,Aizawl,1573.7,32.3,232.8,5,1.5,9.3,0.607,0.272,1719.5,agriculture,1
24.4774,94.2922,Imphal,601.6,8.0,95.7,4,1.3,2.8,0.688,0.16,9560.5,forest,0
25.3799,92.0126,Dawki,822.5,24.2,306.1,10,2.8,7.9,0.411,0.152,67.1,agriculture,0
27.5865,94.7084,Dibrugarh,711.9,16.2,125.9,4,2.2,7.2,0.787,0.204,8060.5,agriculture,0
26.0115,91.9884,Shillong,269.1,13.2,319.5,7,17.2,69.2,0.366,0.926,1184.4,water,0
23.5995,92.6553,Aizawl,724.3,16.9,19.9,9,62.2,431.9,0.332,0.553,8157.0,urban,1
26.8682,93.3978,Itanagar,1190.1,17.6,146.2,9,0.5,3.6,0.791,0.627,4623.5,agriculture,0
24.1855,91.4611,Agartala,751.3,21.0,57.9,8,8.5,39.6,0.733,0.678,1203.0,forest,0
25.2766,92.0588,Dawki,237.3,16.6,237.2,6,9.5,34.3,0.791,0.417,726.2,forest,0
24.736,93.973,Imphal,518.0,37.2,102.6,8,4.9,30.6,0.801,0.511,684.0,water,0
25.3769,91.9824,Shillong,609.5,37.8,136.1,8,36.6,239.0,0.656,0.475,4604.5,agriculture,0
27.5257,94.8129,Dibrugarh,273.8,20.9,303.6,5,1.8,5.1,0.378,0.253,3474.4,forest,0
25.6544,94.156,Kohima,1545.9,22.4,179.1,10,1.8,10.5,0.714,0.19,7865.6,bare,0
27.0091,93.9009,Itanagar,809.3,45.3,269.1,8,0.7,3.8,0.502,0.819,415.0,urban,0
26.3362,92.7665,Tezpur,481.2,21.0,354.3,5,6.0,26.1,0.386,0.192,3790.0,forest,0
26.8659,94.0614,Jorhat,519.0,24.9,51.0,7,14.5,31.9,0.818,0.421,9230.5,forest,0
24.4122,93.9253,Imphal,704.8,30.3,173.5,11,3.3,9.8,0.554,0.228,6340.5,agriculture,0
25.2244,89.8937,Tura,1778.7,28.0,327.2,5,4.1,29.8,0.372,0.247,13865.5,water,0
26.2719,91.7037,Guwahati,313.2,6.4,163.4,6,10.3,23.1,0.578,0.49,4180.9,forest,0
25.8303,91.7502,Shillong,850.7,48.1,127.9,6,10.4,62.8,0.379,0.485,1442.3,forest,0
24.0812,92.8441,Aizawl,212.4,10.0,102.6,9,29.7,88.5,0.292,0.902,5567.3,agriculture,0
23.4874,92.118,Aizawl,587.0,32.1,178.5,9,6.2,27.1,0.605,0.686,2611.8,bare,0
23.729,92.8023,Aizawl,516.3,34.4,326.1,9,1.6,4.6,0.438,0.497,1617.0,forest,0
26.8441,93.3952,Itanagar,342.6,30.7,98.0,4,3.2,19.0,0.652,0.239,3928.8,forest,0
27.3073,94.7561,Dibrugarh,859.2,12.5,4.9,7,0.9,6.8,0.669,0.471,4265.9,forest,0
26.5916,92.8945,Tezpur,350.7,12.3,333.4,5,0.9,3.3,0.504,0.164,7956.0,bare,1
25.2473,91.8306,Dawki,398.6,14.2,3.2,2,2.7,11.8,0.648,0.19,956.6,water,0
26.8161,93.9782,Jorhat,335.4,19.7,89.0,11,1.5,8.5,0.65,0.277,1897.5,forest,0
25.5704,92.1513,Dawki,303.9,26.9,352.7,12,1.4,3.1,0.707,0.226,5181.7,water,0
25.6574,90.1403,Tura,90.6,37.3,260.6,8,24.0,85.2,0.435,0.298,3091.6,urban,0
25.3995,91.6955,Shillong,284.3,13.5,53.1,7,0.6,1.2,0.697,0.502,6772.9,bare,1
25.4491,90.1109,Tura,951.2,30.5,308.2,5,5.7,16.1,0.742,0.202,7784.0,forest,0
25.6442,90.4678,Tura,353.8,5.4,22.3,8,0.4,2.2,0.701,0.622,1010.3,water,0
25.7462,91.7923,Shillong,537.7,21.2,153.9,7,34.3,274.3,0.531,0.966,2584.0,water,1
25.4516,91.7233,Dawki,527.9,26.1,323.7,6,20.4,134.1,0.428,0.919,5443.4,agriculture,0
23.5612,92.7528,Aizawl,367.2,26.5,329.6,7,7.6,49.6,0.572,0.949,2083.6,water,0
23.9789,91.4453,Agartala,366.5,18.8,347.5,4,5.1,18.8,0.423,0.162,199.6,forest,0
26.8474,93.4612,Itanagar,162.3,29.5,161.7,7,12.0,84.3,0.815,0.964,667.9,forest,0
25.3404,91.8194,Shillong,1752.2,18.9,316.9,11,1.2,8.0,0.634,0.154,3002.3,agriculture,1
26.7103,94.0379,Jorhat,3420.7,11.1,90.1,8,12.8,34.1,0.634,0.875,3631.5,water,0
27.2547,95.1222,Dibrugarh,1366.0,20.1,202.6,5,5.1,13.6,0.654,0.29,1299.4,forest,0
27.5385,95.0994,Dibrugarh,66.0,34.5,272.2,7,5.0,17.6,0.53,0.839,6535.1,bare,0
25.4469,92.1182,Shillong,55.8,26.1,56.4,8,30.9,137.9,0.678,0.559,46.6,forest,1
27.6567,95.0429,Dibrugarh,849.4,27.5,47.6,4,5.1,38.1,0.53,0.213,4187.4,bare,0
26.6768,92.9814,Tezpur,208.2,16.7,35.6,3,0.5,3.3,0.673,0.252,5034.2,agriculture,0
26.8305,94.3484,Jorhat,489.6,15.1,90.0,7,18.1,143.6,0.729,0.153,5.2,forest,1
27.6707,93.2857,Itanagar,1313.8,38.8,301.5,9,9.4,30.6,0.547,0.867,1662.3,urban,0
25.7651,94.0984,Kohima,739.3,35.8,34.4,4,6.9,36.4,0.461,0.256,85.1,forest,0
25.398,91.793,Dawki,437.3,20.7,204.8,9,15.2,93.2,0.511,0.991,38.2,forest,1
26.9067,94.2573,Jorhat,196.2,26.1,44.0,7,8.5,42.6,0.613,0.671,2488.8,agriculture,0
23.8766,92.5892,Aizawl,904.2,24.3,319.3,6,7.0,26.3,0.482,0.495,1835.4,forest,0
25.5271,89.963,Tura,517.7,15.7,126.7,4,1.7,13.2,0.719,0.181,1864.3,water,0
25.2712,92.1317,Dawki,605.3,29.6,282.6,7,10.2,31.7,0.695,0.786,7591.3,forest,0
25.3206,94.1559,Kohima,372.6,27.7,284.1,7,0.4,1.0,0.523,0.792,4825.8,agriculture,0
25.8579,92.0423,Shillong,875.2,22.7,35.8,6,22.0,137.3,0.694,0.825,6827.7,forest,0
27.366,93.4425,Itanagar,3214.9,20.7,299.2,6,7.7,56.5,0.331,0.699,1397.4,forest,0
26.8445,93.5362,Itanagar,734.3,18.9,276.0,8,0.8,4.0,0.892,0.802,6393.2,agriculture,0
26.7115,92.8498,Tezpur,970.4,22.7,84.8,5,2.9,11.3,0.654,0.199,45.2,forest,0
25.745,92.0922,Shillong,622.5,29.3,272.6,4,0.8,3.4,0.597,0.181,8537.3,urban,0
25.6927,92.0005,Shillong,76.6,5.2,158.5,4,3.1,20.4,0.77,0.287,3181.5,forest,0
25.0494,94.0041,Imphal,126.7,26.5,328.4,11,3.2,25.3,0.353,0.269,5664.0,bare,0
25.4735,94.1623,Kohima,898.1,12.5,306.8,6,6.1,48.5,0.428,0.833,1628.7,bare,0
23.8253,91.3391,Agartala,1614.6,23.5,149.5,5,0.3,1.2,0.507,0.142,1994.9,urban,0
27.168,92.736,Tezpur,990.1,38.2,124.7,6,32.9,157.6,0.288,0.886,4531.5,forest,0
24.8773,93.6113,Imphal,711.3,13.8,6.3,5,1.4,10.3,0.603,0.263,9028.8,forest,0
25.5495,92.2706,Dawki,618.8,24.7,303.0,9,6.0,31.3,0.618,0.273,2070.7,urban,0
26.2843,91.7555,Guwahati,401.3,17.0,245.8,6,12.3,93.4,0.564,0.765,4933.2,agriculture,0
26.4302,92.5503,Tezpur,448.3,24.7,182.2,7,9.6,34.6,0.581,0.983,432.6,water,0
27.5673,94.8194,Dibrugarh,1890.1,46.6,55.0,4,2.3,12.2,0.301,0.226,325.6,forest,1
25.864,91.8684,Shillong,769.3,17.8,314.1,6,2.6,7.4,0.679,0.651,2519.6,forest,0
26.5158,94.2934,Jorhat,648.6,27.2,344.2,9,13.0,60.7,0.59,0.674,7814.4,agriculture,0
26.4351,92.9291,Tezpur,443.0,19.5,291.3,10,0.5,1.1,0.506,0.146,10593.4,forest,0
26.9096,94.1756,Jorhat,1493.8,8.8,285.9,9,3.6,17.4,0.599,0.841,1797.9,agriculture,0
26.5357,93.1525,Tezpur,2180.1,27.2,82.9,7,24.0,161.3,0.499,0.244,4150.2,forest,0
24.5753,94.0578,Imphal,1555.2,34.1,104.3,5,7.7,49.7,0.457,0.27,864.4,forest,0
25.6022,94.123,Kohima,779.9,30.7,168.0,6,33.1,152.9,0.68,0.655,4692.6,forest,0
24.1223,90.9278,Agartala,573.1,38.3,10.5,6,11.8,43.3,0.52,0.523,7691.9,forest,0
26.0201,91.9871,Guwahati,717.7,29.7,336.9,7,2.0,9.4,0.95,0.911,223.0,water,0
25.3693,92.1647,Shillong,359.9,6.7,150.7,2,1.7,10.3,0.631,0.254,5006.9,agriculture,0
25.2798,92.0839,Dawki,546.9,30.3,217.0,12,2.0,6.6,0.486,0.2,4054.0,forest,0
25.7617,90.2526,Tura,440.3,6.3,197.6,5,2.4,19.0,0.821,0.202,500.6,urban,0
26.5071,92.6343,Tezpur,763.6,43.6,305.6,7,18.4,58.1,0.456,0.379,4450.2,forest,0
23.7951,91.7116,Agartala,2069.6,6.2,169.9,9,8.0,41.9,0.666,0.742,1768.6,forest,0
23.8626,93.1565,Aizawl,1594.9,14.5,288.7,8,17.9,87.9,0.323,0.817,3440.0,forest,1
23.7059,92.65,Aizawl,575.6,37.2,88.2,4,4.9,13.9,0.51,0.136,1832.0,forest,0
25.6287,89.8585,Tura,383.1,15.2,25.2,6,13.1,37.8,0.627,0.679,732.7,urban,0
23.7648,91.1394,Agartala,505.6,26.9,231.2,10,0.7,4.4,0.479,0.177,1550.7,forest,0
27.2151,94.7818,Dibrugarh,2507.6,25.4,253.7,9,46.3,151.2,0.903,0.975,1747.6,agriculture,0
27.593,94.8959,Dibrugarh,282.6,9.6,125.9,12,2.0,13.5,0.567,0.156,990.3,agriculture,0
26.5238,91.5814,Guwahati,2814.2,8.6,26.4,6,4.2,14.6,0.774,0.608,2213.4,forest,0
25.2378,90.2926,Tura,280.5,12.0,316.2,6,24.6,80.1,0.464,0.538,10675.8,agriculture,0
26.8594,92.7188,Tezpur,311.8,36.7,37.3,7,7.1,38.6,0.551,0.352,629.3,urban,0
25.9398,91.6609,Guwahati,1303.4,5.7,130.6,10,2.5,6.9,0.614,0.266,1145.6,forest,0
25.4951,90.2042,Tura,1890.3,40.3,128.2,11,8.3,58.5,0.38,0.192,3573.6,urban,0
27.3535,93.3538,Itanagar,1330.4,15.2,346.7,6,26.7,104.6,0.44,0.267,1228.2,agriculture,0
25.3262,90.017,Tura,227.1,12.2,318.6,12,0.1,0.3,0.819,0.218,634.8,water,0
27.4247,94.564,Dibrugarh,789.7,13.6,203.1,5,2.9,6.1,0.678,0.27,4346.9,agriculture,0
24.4358,91.5164,Agartala,3381.3,14.5,281.6,4,1.9,13.0,0.458,0.258,1651.9,water,0
25.4542,90.3639,Tura,761.9,28.5,53.9,9,5.2,35.4,0.353,0.558,2261.8,agriculture,0
26.4311,91.739,Guwahati,253.1,30.8,128.2,4,0.2,0.8,0.645,0.216,1291.8,bare,0
23.7512,92.8616,Aizawl,392.4,18.5,214.4,8,8.8,20.9,0.376,0.689,1835.0,forest,0
26.3525,94.0457,Jorhat,197.0,38.2,311.9,2,3.4,18.1,0.601,0.249,5283.0,agriculture,0
27.626,94.9522,Dibrugarh,850.0,31.7,317.6,6,7.4,44.4,0.92,0.573,634.9,forest,0
25.1453,91.8994,Dawki,657.2,52.9,291.5,6,0.4,0.9,0.549,0.337,5580.1,bare,0
25.4023,90.0424,Tura,852.7,31.6,134.8,7,14.1,28.7,0.589,0.535,3711.8,agriculture,0
23.864,92.7708,Aizawl,545.5,13.1,214.7,6,5.3,12.3,0.405,0.688,838.0,forest,0
25.0872,93.8302,Imphal,608.2,44.7,287.4,5,1.1,5.4,0.392,0.182,4020.2,bare,1
25.6169,94.1636,Kohima,827.7,7.1,339.2,6,3.5,18.4,0.691,0.785,353.7,forest,0
26.5029,94.6018,Jorhat,488.2,18.9,40.5,4,0.1,0.7,0.91,0.185,13109.0,bare,0
24.9859,93.8703,Imphal,957.1,3.6,263.2,7,5.9,33.2,0.563,0.868,3399.6,forest,1
26.4371,92.8849,Tezpur,1327.6,29.5,194.6,7,13.8,80.8,0.691,0.925,5443.8,forest,0
27.1416,93.611,Itanagar,393.3,10.0,250.2,9,11.8,25.9,0.451,0.599,661.1,urban,0
25.7957,94.0272,Kohima,263.7,12.3,104.2,8,12.0,80.2,0.47,0.996,2786.8,forest,0
25.2786,94.1025,Kohima,553.4,15.1,15.9,7,12.0,29.5,0.389,0.4,220.6,bare,1
25.514,90.0896,Tura,372.5,29.8,135.4,7,6.8,24.0,0.703,0.397,3741.3,water,0
25.4121,90.2546,Tura,1858.0,15.9,239.4,5,0.4,0.8,0.567,0.237,439.3,forest,0
25.258,91.9555,Shillong,357.3,15.8,12.0,12,0.3,1.9,0.635,0.262,865.2,forest,0
26.1663,91.9456,Guwahati,852.6,17.3,250.6,5,3.1,17.9,0.403,0.193,3573.9,water,0
24.7263,93.8826,Imphal,742.2,9.9,336.7,3,0.6,1.5,0.443,0.218,957.8,forest,0
23.6454,92.6385,Aizawl,662.1,27.4,125.0,7,20.9,50.3,0.649,0.958,1063.1,forest,1
26.1031,91.5085,Guwahati,1000.8,13.8,306.3,7,0.4,1.8,0.643,0.359,4826.7,water,0
24.5628,93.9095,Imphal,443.9,40.0,318.7,9,7.2,26.9,0.804,0.847,428.2,forest,1
26.9846,94.2202,Jorhat,185.7,23.0,25.8,6,4.0,14.3,0.649,0.733,467.1,forest,0
26.5545,92.7922,Tezpur,1411.5,6.8,222.9,8,0.6,2.2,0.535,1.0,12226.3,forest,0
25.6671,90.1544,Tura,628.6,27.9,315.9,7,4.8,26.6,0.535,0.776,3410.1,agriculture,0
23.6813,92.6758,Aizawl,326.3,14.7,68.5,5,1.8,11.6,0.665,0.241,2632.8,forest,1
25.3467,92.1085,Dawki,1811.2,18.1,321.3,8,11.2,44.6,0.454,0.484,10042.1,agriculture,0
24.0652,92.8322,Aizawl,916.3,25.7,187.9,6,0.7,2.7,0.372,0.98,15047.3,water,0
23.8019,91.2841,Agartala,1889.3,37.3,345.6,3,1.7,12.1,0.496,0.222,1111.7,forest,1
26.578,92.9868,Tezpur,1119.5,15.2,189.2,8,21.3,149.8,0.657,0.404,74.3,forest,0
23.8163,91.3788,Agartala,3400.0,25.9,78.1,4,2.9,21.2,0.384,0.291,7009.9,forest,1
25.6495,90.3187,Tura,1526.9,24.7,248.4,6,31.8,250.3,0.621,0.281,3110.9,forest,0
26.2373,91.543,Guwahati,1659.8,14.5,22.0,8,9.4,45.5,0.759,0.829,9893.8,urban,1
26.7758,93.7473,Jorhat,1475.1,23.9,334.9,10,0.2,0.6,0.73,0.151,357.7,agriculture,0
26.7451,94.3275,Jorhat,769.2,15.0,200.8,7,5.3,29.2,0.554,0.491,661.4,agriculture,0
24.9277,91.6477,Dawki,619.1,20.5,235.2,9,42.8,341.9,0.481,1.0,514.0,urban,0
25.2509,92.0663,Dawki,270.5,22.7,12.3,5,13.8,83.6,0.541,0.219,1286.1,agriculture,0
27.4392,94.9738,Dibrugarh,279.2,33.5,117.4,8,2.1,13.3,0.457,0.496,140.4,water,0
26.894,94.2106,Jorhat,183.3,38.5,230.0,9,49.0,350.2,0.523,0.823,1408.4,forest,0
23.6379,90.929,Agartala,562.1,22.7,332.5,7,3.1,20.8,0.856,0.633,1441.5,bare,0
24.7449,93.9778,Imphal,1506.8,17.8,250.5,7,15.0,102.6,0.633,0.521,4414.7,forest,0
26.7063,92.7636,Tezpur,3736.0,34.5,228.4,7,5.2,15.1,0.833,0.512,3917.3,forest,0
26.37,92.6861,Tezpur,1031.6,37.9,253.4,2,1.0,5.6,0.359,0.263,34.7,agriculture,0
27.7304,94.4665,Dibrugarh,882.2,25.1,272.0,1,9.6,48.8,0.329,0.282,1408.3,forest,0
25.9858,91.6844,Guwahati,1449.4,23.3,137.6,2,4.3,32.4,0.539,0.218,3979.8,agriculture,0
25.4942,90.0536,Tura,279.2,9.9,165.3,11,0.1,1.1,0.802,0.199,818.1,forest,0
24.7849,93.8492,Imphal,404.1,42.9,234.2,10,4.3,19.2,0.145,0.233,2311.4,urban,0
25.6675,92.0661,Shillong,1092.3,21.5,253.5,8,7.5,32.7,0.499,0.591,1575.8,urban,0
26.6982,92.6472,Tezpur,980.8,19.9,53.9,9,13.3,57.0,0.733,0.516,4150.9,forest,0
27.9799,95.1431,Dibrugarh,463.8,30.2,284.4,2,1.7,7.3,0.643,0.279,1700.4,forest,0
23.646,91.2115,Agartala,1135.7,19.5,132.8,7,6.5,21.3,0.907,0.526,7754.9,bare,0
23.9424,92.7075,Aizawl,584.5,29.3,199.1,10,7.6,55.7,0.639,0.188,10916.0,agriculture,0
25.4278,92.0109,Dawki,468.3,15.3,357.1,3,2.0,5.2,0.544,0.15,5071.7,agriculture,1
25.2407,89.9816,Tura,581.0,24.0,358.9,8,45.9,137.1,0.519,0.802,940.9,urban,1
25.6832,91.7993,Shillong,1665.1,18.3,131.2,6,24.5,145.3,0.892,0.501,4463.4,forest,0
24.5827,94.3735,Imphal,1604.4,3.9,17.1,7,6.1,19.0,0.549,0.486,7008.9,agriculture,0
27.1655,93.8026,Itanagar,896.0,34.3,7.9,10,1.6,10.9,0.645,0.193,1941.6,agriculture,0
24.8664,93.9095,Imphal,978.6,25.0,142.4,10,6.2,31.2,0.583,0.267,2963.6,water,0
24.9411,94.144,Imphal,2233.3,26.0,179.0,10,4.2,12.7,0.63,0.264,2184.9,urban,0
26.1866,91.5464,Guwahati,1666.1,13.8,246.0,7,16.5,40.9,0.637,0.509,4057.4,forest,0
26.7174,92.9044,Tezpur,559.9,8.5,304.5,6,4.0,22.9,0.584,1.0,6926.6,forest,0
26.1614,91.7402,Guwahati,1315.2,32.0,325.8,9,36.0,119.0,0.783,0.829,2840.3,forest,0
23.8334,92.8134,Aizawl,373.7,37.5,127.4,8,5.9,39.4,0.715,0.816,10574.4,water,1
26.5652,94.1859,Jorhat,1298.8,25.7,179.4,7,13.3,55.6,0.74,0.846,3671.1,forest,1
23.8494,91.1969,Agartala,562.8,41.1,234.5,7,11.5,80.8,0.313,0.632,4244.5,agriculture,0
26.8859,94.1253,Jorhat,575.2,33.3,73.4,4,2.1,5.3,0.536,0.161,2555.6,urban,0
27.3404,93.4547,Itanagar,777.2,23.8,325.1,3,1.4,3.5,0.521,0.212,1817.1,agriculture,0
27.1088,93.5324,Itanagar,164.3,17.5,228.0,9,5.3,17.4,0.784,0.529,1700.2,forest,0
25.2708,92.3245,Dawki,944.0,20.2,349.1,6,23.9,169.8,0.374,0.599,5633.1,forest,0
25.8036,89.8094,Tura,372.4,18.1,343.0,8,42.6,136.3,0.598,0.568,3250.4,forest,0
26.1182,91.8914,Guwahati,597.8,22.9,223.8,6,2.7,6.0,0.574,0.406,3919.7,forest,0
25.1172,92.0945,Dawki,442.6,29.4,225.7,9,31.5,198.1,0.336,0.402,2063.6,agriculture,0
26.6746,94.4211,Jorhat,990.0,14.2,170.4,6,24.3,150.1,0.412,0.763,1315.1,water,0
25.4351,92.0067,Shillong,512.0,51.1,114.1,7,16.2,101.0,0.448,0.692,6024.7,forest,0
27.2953,93.8027,Itanagar,418.9,14.9,226.6,8,6.8,43.8,0.556,0.935,345.5,agriculture,0
25.6989,91.6367,Shillong,1692.3,1.1,174.1,9,1.7,4.7,0.609,0.994,265.8,agriculture,0
24.8343,93.7708,Imphal,303.9,10.7,176.7,7,12.5,26.8,0.604,0.977,7748.0,forest,0
27.5036,93.5391,Itanagar,1445.3,32.5,85.2,4,1.4,9.0,0.587,0.2,889.1,agriculture,0
26.8205,94.2017,Jorhat,1033.9,41.5,232.2,7,15.0,42.3,0.317,0.687,284.9,forest,1
25.6495,94.2867,Kohima,585.0,6.1,195.7,5,0.8,3.9,0.668,0.253,1583.4,urban,0
25.7069,94.0768,Kohima,418.0,19.1,298.8,10,0.4,1.7,0.446,0.265,3764.1,forest,0
25.65,90.5259,Tura,1359.6,42.5,329.5,9,53.1,318.8,0.366,0.848,5360.1,water,1
26.5093,92.7631,Tezpur,924.9,22.3,25.0,3,1.0,3.9,0.565,0.2,2377.5,agriculture,0
26.1989,91.1463,Guwahati,1957.9,25.0,223.9,4,3.6,15.3,0.364,0.228,10689.4,forest,0
25.5342,90.386,Tura,788.5,36.4,33.5,1,0.6,1.5,0.664,0.274,1533.9,bare,0
23.636,92.8411,Aizawl,1016.6,4.2,281.7,2,10.5,71.8,0.723,0.262,585.2,forest,0
26.9312,93.0281,Tezpur,837.8,3.9,65.5,11,3.8,24.5,0.456,0.222,1704.3,agriculture,0
25.3185,94.3786,Kohima,553.0,29.2,315.0,9,13.8,90.0,0.834,0.246,4503.8,agriculture,0
23.4042,93.2144,Aizawl,648.7,15.0,220.8,2,2.1,14.4,0.346,0.202,559.0,water,0
24.6272,93.7968,Imphal,1036.1,19.7,247.5,7,6.8,31.6,0.558,0.946,1854.2,agriculture,0
25.3164,92.0238,Shillong,412.8,18.2,68.8,9,51.0,324.6,0.503,0.478,1961.5,water,1
25.0726,91.8053,Dawki,837.1,11.4,259.7,6,13.1,29.3,0.422,0.749,745.2,agriculture,0
27.2481,95.0497,Dibrugarh,1625.5,38.6,87.8,6,2.7,9.0,0.243,0.695,1051.0,water,1
23.7713,92.4949,Aizawl,672.7,17.3,100.4,9,64.1,226.0,0.692,0.813,5209.7,agriculture,1
27.5893,95.0489,Dibrugarh,1537.3,8.4,190.4,6,23.8,125.3,0.604,1.0,1182.0,water,1
25.953,94.052,Kohima,131.9,13.8,320.2,8,2.4,13.1,0.649,0.862,2240.5,urban,0
26.799,93.0391,Tezpur,459.3,29.2,316.9,9,25.1,77.7,0.833,0.998,6977.0,agriculture,0
26.6418,92.8884,Tezpur,762.0,14.9,202.0,7,7.9,55.6,0.634,0.238,1894.3,water,0
27.1272,94.0088,Itanagar,628.9,20.5,47.1,7,1.4,6.9,0.503,0.939,2258.8,forest,0
25.2893,91.7401,Shillong,237.8,33.8,222.1,7,1.4,8.9,0.849,0.74,13796.1,agriculture,1
26.8848,94.2003,Jorhat,350.1,28.8,84.7,9,28.8,184.0,0.746,0.822,2065.3,agriculture,0
25.3003,92.0004,Dawki,623.4,22.5,44.7,7,0.3,1.2,0.593,0.706,4237.7,forest,0
26.7356,94.1177,Jorhat,1111.8,38.8,335.6,10,0.7,2.4,0.629,0.269,2800.1,forest,0
27.4285,94.7352,Dibrugarh,613.0,37.6,130.1,4,0.1,1.0,0.506,0.257,13431.9,forest,0
27.3559,94.9631,Dibrugarh,550.5,30.8,245.1,7,25.0,147.0,0.556,0.876,9712.8,agriculture,0
27.552,94.956,Dibrugarh,308.5,21.0,103.6,10,1.3,3.2,0.454,0.201,356.7,forest,0
25.5866,90.3468,Tura,921.4,5.6,117.6,5,2.8,20.8,0.459,0.197,467.3,agriculture,0
26.1614,91.5923,Guwahati,588.8,10.0,255.2,7,24.3,140.5,0.702,0.966,14576.2,urban,0
23.9159,92.6514,Aizawl,358.5,19.2,230.7,9,6.4,35.9,0.522,0.67,3696.8,urban,0
26.9305,93.0588,Tezpur,357.7,30.0,85.0,6,1.8,10.3,0.478,0.708,76.1,forest,0
27.5404,94.5851,Dibrugarh,952.1,5.2,50.4,5,3.3,22.9,0.582,0.208,1792.9,agriculture,0
26.9882,93.7538,Itanagar,374.3,44.4,129.0,8,4.0,12.4,0.495,0.763,165.4,forest,0
25.1743,92.0661,Dawki,118.1,15.3,220.9,7,1.4,11.3,0.7,0.846,8572.0,forest,0
25.1428,91.922,Dawki,86.5,19.4,85.5,5,2.0,9.2,0.462,0.263,629.5,agriculture,0
25.0496,92.2398,Dawki,789.0,11.6,332.6,6,15.1,110.8,0.607,0.721,276.9,forest,0
27.4672,93.2843,Itanagar,241.8,16.4,75.9,6,24.8,89.7,0.628,0.611,4569.7,forest,1
26.2266,91.8601,Guwahati,5712.5,24.9,167.8,11,6.3,37.2,0.678,0.287,1098.8,forest,0
25.7661,90.2995,Tura,1353.9,34.3,114.5,2,0.9,3.1,0.567,0.247,910.8,water,0
23.8576,91.1917,Agartala,721.0,19.2,157.9,9,9.3,26.9,0.39,0.474,1814.0,urban,0
27.0523,93.8921,Jorhat,2075.4,11.7,68.2,7,13.6,68.6,0.626,0.736,10288.7,forest,1
25.7703,94.2552,Kohima,879.6,22.1,171.4,5,3.8,29.2,0.711,0.23,5555.4,bare,0
25.0697,91.7121,Dawki,460.3,23.3,72.7,9,6.7,51.6,0.772,0.798,7263.6,agriculture,0
23.8286,92.8566,Aizawl,2952.5,33.7,331.5,8,20.0,135.6,0.509,0.948,1617.4,bare,0
25.7274,94.3268,Kohima,424.1,23.7,328.2,9,9.0,38.9,0.298,0.886,2559.4,forest,0
26.9936,93.6275,Itanagar,283.3,15.5,112.8,6,2.6,13.1,0.383,0.398,7400.3,bare,0
25.3389,94.3686,Kohima,1039.0,6.8,155.5,6,10.5,44.3,0.561,0.727,6787.5,forest,0
26.6472,93.0538,Tezpur,1193.3,45.7,160.4,10,1.1,3.5,0.377,0.151,122.7,agriculture,0
23.7386,92.7804,Aizawl,395.7,14.8,237.7,6,31.5,83.2,0.664,0.685,538.4,water,0
23.6846,91.1262,Agartala,2427.1,33.2,320.6,8,69.4,479.8,0.773,0.75,2397.8,bare,1
27.6836,95.03,Dibrugarh,411.6,24.8,138.1,4,1.5,5.0,0.539,0.146,762.3,bare,0
25.0539,91.9577,Dawki,302.3,35.4,129.0,2,0.3,1.1,0.473,0.189,713.3,forest,1
26.032,91.8992,Guwahati,1273.7,15.8,357.5,6,2.9,14.0,0.52,0.998,5894.5,forest,0
25.0612,94.0549,Imphal,1635.2,35.9,342.9,5,0.3,1.3,0.582,0.19,5292.1,forest,0
25.5054,91.7158,Shillong,1392.9,17.1,191.4,6,4.2,10.5,0.915,0.822,1063.3,forest,0
27.3746,94.7867,Dibrugarh,1510.2,36.0,61.9,4,3.4,22.7,0.438,0.139,9655.5,bare,1
26.8102,94.1267,Jorhat,1383.3,23.3,92.3,3,1.2,5.9,0.759,0.208,1230.0,agriculture,0
26.6905,92.9539,Tezpur,1288.8,30.2,48.7,7,5.5,41.5,0.502,0.937,2183.2,forest,0
24.0987,91.1553,Agartala,515.6,28.5,80.6,7,1.8,10.3,0.677,0.738,4797.7,agriculture,0
25.2307,92.2454,Dawki,227.5,38.0,159.9,8,0.2,0.4,0.626,0.75,2872.0,urban,1
26.4136,94.4832,Jorhat,309.8,14.6,133.1,7,9.0,60.3,0.729,0.567,3794.3,forest,0
25.7135,91.8283,Shillong,1877.2,24.7,249.8,9,7.2,55.9,0.615,0.812,1007.2,forest,0
25.8544,90.4703,Tura,413.8,17.7,168.5,8,78.5,467.4,0.384,0.463,3417.1,water,0
26.7003,93.2386,Tezpur,907.2,18.9,277.1,7,11.6,29.4,0.83,0.639,794.2,forest,0
24.6445,94.0593,Imphal,638.3,30.4,186.8,8,0.7,2.3,0.302,0.885,1039.8,bare,0
26.1482,92.2237,Guwahati,648.8,42.6,308.0,3,6.4,45.6,0.079,0.222,4545.2,agriculture,1
25.749,92.1622,Shillong,680.4,12.5,188.9,9,14.8,82.2,0.95,0.566,1050.7,agriculture,0
25.777,90.3385,Tura,337.6,26.9,85.1,6,23.7,152.2,0.461,0.453,3004.9,urban,0
25.9854,91.9019,Guwahati,697.2,38.0,218.1,7,36.6,156.1,0.677,0.61,3958.0,forest,0
24.2463,93.7842,Imphal,537.9,13.1,111.6,8,20.6,105.4,0.624,0.944,7333.4,forest,0
27.3437,94.996,Dibrugarh,349.7,15.9,283.3,8,27.4,179.7,0.671,0.754,392.9,agriculture,0
26.261,91.8344,Guwahati,420.5,42.2,43.4,8,8.7,62.0,0.344,0.833,0.0,forest,0
23.7631,92.9255,Aizawl,527.4,16.2,304.9,6,18.2,41.2,0.364,0.526,3608.9,water,0
26.2414,91.8001,Guwahati,2821.7,22.4,310.3,8,39.5,197.5,0.583,0.864,1196.3,agriculture,0
25.7286,92.0594,Shillong,736.4,41.9,21.1,10,2.8,7.5,0.428,0.205,1136.3,forest,0
27.2166,93.5042,Itanagar,279.4,23.4,29.3,9,9.0,64.8,0.531,0.586,4457.3,forest,0
26.4428,93.0767,Tezpur,971.2,32.3,314.7,11,2.2,15.0,0.328,0.149,872.0,forest,0
27.3342,93.3845,Itanagar,537.9,25.7,181.7,7,2.9,17.2,0.273,0.599,3691.6,bare,0
24.6596,94.0535,Imphal,599.5,32.4,226.8,12,3.5,27.3,0.274,0.222,2598.0,forest,1
25.3008,93.9952,Kohima,386.0,18.9,32.4,9,36.0,94.8,0.863,0.416,3976.3,water,0
23.9886,91.799,Agartala,918.0,43.7,295.7,8,10.1,67.9,0.315,0.82,3192.2,forest,0
24.9533,93.9229,Imphal,3144.5,36.3,164.6,3,3.4,7.8,0.488,0.198,1590.2,water,0
25.1888,92.2193,Dawki,365.6,21.9,328.5,4,1.8,3.7,0.722,0.179,817.5,agriculture,0
25.4556,92.1076,Dawki,539.0,35.9,229.2,4,3.1,9.9,0.421,0.206,2088.4,forest,0
25.2275,90.0375,Tura,346.3,26.9,101.1,7,6.5,25.4,0.52,0.462,68.8,water,0
25.3667,91.7546,Shillong,210.6,11.5,28.6,8,8.8,56.1,0.479,0.633,241.8,forest,0
27.6592,94.8182,Dibrugarh,4607.9,19.4,38.7,5,12.9,26.9,0.95,0.247,4151.9,agriculture,0
26.6819,92.9114,Tezpur,2684.4,8.0,181.8,4,0.7,3.0,0.346,0.196,3359.4,forest,1
25.658,90.2343,Tura,3721.4,12.5,131.1,8,17.2,44.0,0.596,0.838,3193.8,forest,0
27.585,95.0576,Dibrugarh,573.6,35.8,61.0,3,6.8,21.8,0.434,0.177,1571.0,bare,0
27.1249,93.5153,Itanagar,129.0,23.7,224.9,7,7.3,38.0,0.372,0.663,5550.0,forest,1
27.356,95.0927,Dibrugarh,976.8,25.1,167.1,6,19.4,144.9,0.695,0.353,1450.4,agriculture,0
25.6303,90.3402,Tura,2949.9,22.1,62.3,10,2.2,14.0,0.552,0.243,414.6,forest,0
24.6014,93.6657,Imphal,966.6,17.8,230.0,10,0.1,1.0,0.441,0.255,1764.1,forest,0
25.8759,90.316,Tura,535.3,24.0,243.7,8,63.4,332.6,0.737,0.629,559.8,forest,1
26.4539,92.8713,Tezpur,935.3,15.6,43.9,8,9.0,61.5,0.292,0.791,122.1,forest,0
27.2874,93.452,Itanagar,441.9,47.1,202.9,8,9.9,50.8,0.368,0.66,2976.4,water,0
25.5458,92.04,Dawki,1580.6,11.3,112.3,3,3.1,19.2,0.854,0.248,134.8,forest,0
26.9895,94.3591,Jorhat,821.1,26.6,331.7,7,0.7,3.1,0.39,0.791,3747.5,bare,0
23.8053,92.8413,Aizawl,986.4,26.6,118.5,9,21.6,136.4,0.42,0.504,6786.7,agriculture,0
25.6595,92.1698,Shillong,790.6,38.5,101.7,9,6.6,33.0,0.569,0.743,834.5,agriculture,0
26.3468,92.1158,Guwahati,1752.2,17.9,234.1,5,2.6,15.9,0.693,0.262,6815.5,forest,1
23.8623,92.3852,Aizawl,186.5,13.4,54.4,4,1.9,6.5,0.681,0.13,488.8,bare,0
23.5223,92.9542,Aizawl,1289.0,17.9,206.2,2,0.3,1.6,0.612,0.293,834.5,agriculture,0
26.1545,91.952,Guwahati,483.3,11.2,49.3,8,29.0,194.8,0.469,0.498,16070.0,water,0
25.369,89.9525,Tura,619.6,19.2,232.9,6,3.1,10.5,0.569,0.716,4948.2,agriculture,1
23.5219,91.3572,Agartala,498.4,15.6,306.9,6,32.4,142.6,0.741,0.508,232.8,forest,1
23.6522,91.2043,Agartala,1327.8,32.7,100.6,11,0.6,3.0,0.47,0.126,1712.4,agriculture,0
23.6421,91.2639,Agartala,1580.6,41.4,111.7,7,4.4,14.6,0.294,0.836,3533.6,forest,1
25.1761,91.7103,Dawki,1256.4,18.0,123.9,9,0.8,3.9,0.848,0.87,20242.2,forest,0
23.8634,91.202,Agartala,202.7,13.4,234.5,3,1.7,10.4,0.841,0.175,442.4,agriculture,0
25.0658,93.8388,Imphal,5095.1,37.2,26.9,6,3.8,24.2,0.849,0.666,7015.6,agriculture,0
25.1126,92.1071,Dawki,534.8,19.8,206.2,4,0.7,3.3,0.612,0.288,941.1,agriculture,0
24.7925,93.7969,Imphal,1022.5,6.0,279.1,7,5.0,34.4,0.512,0.382,1611.5,forest,0
25.7442,89.8424,Tura,295.8,22.8,315.7,6,12.8,94.4,0.437,0.914,1692.6,forest,0
24.9196,91.872,Dawki,1640.7,11.4,318.6,7,4.1,22.3,0.513,0.966,1207.3,forest,1
27.3746,95.0474,Dibrugarh,1160.5,52.5,300.8,6,1.0,2.4,0.443,0.798,3119.3,agriculture,1
27.3997,95.2995,Dibrugarh,1632.0,11.2,199.1,6,1.9,9.3,0.629,1.0,3615.9,forest,1
25.6021,94.1063,Kohima,3570.0,51.9,179.9,7,17.7,110.7,0.287,0.215,6867.7,bare,0
26.0114,91.6861,Guwahati,2561.6,44.1,153.4,6,16.9,63.7,0.268,0.981,886.4,forest,0
23.2494,92.8087,Aizawl,131.1,22.6,6.3,7,13.0,59.1,0.484,0.516,186.9,agriculture,0
26.9264,93.925,Jorhat,425.0,16.1,200.2,6,27.2,140.7,0.852,0.827,3385.3,forest,0
27.6984,94.8045,Dibrugarh,89.3,15.8,116.9,10,3.4,23.7,0.649,0.213,521.6,urban,0
27.767,94.8824,Dibrugarh,380.1,12.5,273.4,7,0.8,2.1,0.587,0.719,2766.6,agriculture,1
25.3538,90.4911,Tura,3409.9,31.9,156.2,5,0.6,1.6,0.635,0.193,2777.5,agriculture,0
27.649,95.1351,Dibrugarh,807.9,14.7,97.4,8,37.4,145.8,0.557,1.0,6126.2,bare,0
25.381,90.1725,Tura,482.1,23.2,157.8,5,0.6,3.3,0.514,0.168,1543.3,urban,0
25.2463,91.7288,Shillong,1245.6,25.0,292.4,6,2.8,7.0,0.653,0.5,534.0,agriculture,0
23.2496,92.7443,Aizawl,1015.1,26.7,188.0,5,3.5,26.0,0.748,0.163,1165.4,urban,0
25.6823,91.9631,Shillong,603.5,9.0,122.2,9,8.3,56.1,0.584,0.823,6939.1,urban,1
25.396,90.2264,Tura,464.6,17.3,227.2,8,3.9,23.1,0.613,0.64,6788.1,forest,0
25.9868,91.5103,Guwahati,264.1,31.1,8.0,5,0.3,2.3,0.693,0.252,5025.6,agriculture,0
24.9762,94.14,Imphal,521.8,29.1,327.7,3,4.4,23.7,0.509,0.269,465.2,water,0
25.4969,91.931,Shillong,371.5,12.2,38.7,7,16.2,118.3,0.457,0.763,682.8,forest,0
27.1142,94.0061,Itanagar,1200.3,28.2,181.1,7,18.4,119.1,0.619,0.377,1642.3,agriculture,0
25.438,93.9092,Kohima,312.6,21.9,335.9,9,10.4,64.5,0.755,0.723,244.0,forest,0
23.8426,91.3847,Agartala,252.1,27.6,111.7,3,5.3,20.7,0.546,0.222,4899.6,forest,0
24.9435,92.1372,Dawki,237.3,19.2,328.2,9,5.0,29.1,0.455,1.0,1870.3,forest,0
24.7409,93.7306,Imphal,1099.5,39.0,80.3,8,0.6,1.4,0.597,0.722,4918.8,agriculture,1
26.597,92.1747,Guwahati,819.9,36.2,191.3,7,1.4,5.5,0.716,0.749,603.1,agriculture,0
25.6898,91.8112,Shillong,1682.5,39.3,192.8,12,4.0,15.9,0.539,0.216,377.2,urban,0
25.3724,91.8862,Dawki,214.1,22.8,300.1,6,26.1,104.3,0.511,1.0,2557.2,agriculture,0
23.9809,91.3137,Agartala,1363.0,22.4,82.9,8,16.2,48.7,0.297,0.562,3186.0,agriculture,0
25.834,91.8104,Shillong,1253.3,29.1,218.1,6,3.8,22.9,0.623,0.551,72.0,agriculture,0
26.672,92.7079,Tezpur,336.6,25.7,90.9,5,8.9,37.1,0.621,0.185,2084.1,forest,0
26.7684,93.9438,Jorhat,224.7,9.2,240.4,7,0.0,0.1,0.577,0.451,7425.7,water,0
25.6934,93.9658,Kohima,518.3,18.4,95.0,9,1.8,10.2,0.49,0.578,4564.4,forest,0
23.834,91.428,Agartala,565.8,29.9,209.4,9,5.5,38.3,0.339,0.315,2924.1,forest,0
25.0974,92.1915,Dawki,2409.8,28.0,174.9,8,3.6,27.4,0.581,0.508,1345.6,agriculture,0
27.2454,93.9215,Itanagar,4398.6,25.0,291.0,7,11.9,90.0,0.706,0.463,22.3,water,0
23.6159,90.9647,Agartala,364.2,36.4,116.4,5,4.5,30.4,0.372,0.235,4463.4,forest,0
27.0167,94.4483,Jorhat,2096.6,51.4,188.5,4,1.3,3.2,0.509,0.246,1454.6,forest,1
26.9186,92.7459,Tezpur,2742.9,27.8,308.9,7,27.2,106.4,0.535,0.958,10821.5,forest,1
25.4345,90.2857,Tura,416.1,36.9,14.6,11,0.3,1.1,0.616,0.234,2210.0,agriculture,0
27.2159,93.5672,Itanagar,663.3,31.0,294.8,4,11.3,89.4,0.654,0.197,1633.8,forest,0
24.6461,93.4917,Imphal,2105.7,28.5,0.5,7,25.4,56.3,0.325,0.334,854.5,forest,0
25.0588,92.0804,Dawki,694.9,10.3,122.3,6,5.7,35.5,0.885,0.773,3351.5,agriculture,0
26.5211,94.0843,Jorhat,1479.6,15.2,192.8,9,10.1,61.6,0.549,0.78,3507.2,forest,0
25.7504,91.9397,Shillong,537.2,5.8,227.4,6,1.9,7.2,0.593,0.596,3549.3,forest,1
25.6593,94.2571,Kohima,560.3,41.2,181.2,8,5.1,18.3,0.474,0.232,123.7,forest,0
27.007,93.7549,Itanagar,325.6,17.3,60.5,8,11.6,38.2,0.931,0.634,1015.4,urban,0
23.6831,91.1418,Agartala,204.2,20.2,240.2,10,3.2,17.8,0.658,0.213,13030.4,agriculture,0
26.4711,92.9592,Tezpur,735.4,18.0,30.5,7,2.2,10.1,0.589,0.57,1120.9,forest,0
23.3619,92.6904,Aizawl,2025.5,12.7,13.8,9,20.9,71.0,0.6,0.662,2288.8,agriculture,1
23.9157,92.9225,Aizawl,1295.8,14.5,304.7,9,0.3,1.6,0.685,0.743,981.4,forest,0
24.1569,91.2406,Agartala,241.3,13.3,52.2,4,2.9,7.7,0.765,0.181,428.9,agriculture,0
27.3354,94.7606,Dibrugarh,433.8,9.6,39.6,10,3.4,17.7,0.456,0.222,1989.9,forest,0
25.5596,90.6402,Tura,162.8,32.9,168.4,5,7.8,18.1,0.605,0.23,6388.3,agriculture,0
25.2586,92.1339,Shillong,273.5,13.1,235.1,5,7.3,43.3,0.717,0.262,779.5,water,0
24.0786,92.925,Aizawl,618.5,8.1,345.4,5,0.3,2.1,0.919,0.222,1179.1,water,0
25.0518,92.2232,Dawki,205.7,13.2,332.0,5,6.5,28.5,0.674,0.251,5048.9,forest,0
23.78,92.7513,Aizawl,263.7,25.8,235.0,7,1.8,11.2,0.6,0.472,758.3,water,0
25.3827,91.8139,Dawki,181.7,7.2,329.0,8,10.6,73.8,0.652,0.75,4416.2,agriculture,0
27.5781,94.7709,Dibrugarh,313.3,19.1,250.4,10,1.1,4.6,0.588,0.198,3775.9,agriculture,0
25.1928,91.8535,Dawki,2768.6,32.1,150.5,3,1.1,4.4,0.781,0.174,2218.0,agriculture,0
25.297,91.9504,Shillong,512.6,35.1,173.2,9,1.1,3.6,0.697,0.935,224.0,forest,1
26.4746,91.9426,Guwahati,377.8,21.4,13.4,9,34.2,90.4,0.755,0.493,4785.7,bare,0
27.2405,94.6209,Dibrugarh,687.0,11.1,355.0,12,6.1,40.1,0.81,0.202,2448.5,agriculture,0
25.1057,91.6768,Dawki,3014.7,20.2,4.4,8,7.8,60.6,0.744,0.472,2990.3,forest,0
26.9239,93.8624,Itanagar,1009.5,19.4,58.8,2,7.2,39.1,0.62,0.174,704.6,bare,0
25.7367,91.8662,Shillong,396.9,14.9,187.8,5,2.3,17.2,0.563,0.158,801.0,agriculture,0
26.4629,93.8625,Jorhat,609.3,11.7,347.4,5,1.2,4.9,0.783,0.228,614.8,forest,0
26.1719,92.0627,Guwahati,1359.4,38.3,253.1,10,3.5,21.2,0.629,0.163,2922.2,forest,0
27.4137,95.0758,Dibrugarh,482.7,13.0,148.4,10,1.1,7.8,0.753,0.217,880.8,water,0
25.5618,91.9824,Dawki,938.3,39.0,68.5,9,21.3,134.7,0.756,0.756,3837.9,forest,1
23.7269,92.3771,Aizawl,767.4,29.4,75.4,11,1.8,9.9,0.356,0.255,3229.6,forest,0
25.7167,94.2703,Kohima,1113.2,10.9,109.8,6,27.0,117.5,0.698,0.801,4666.6,forest,1
25.5659,93.8654,Kohima,694.1,24.5,175.6,8,15.4,77.5,0.663,0.554,2385.4,forest,0
25.0533,92.029,Dawki,468.8,8.4,256.2,7,28.0,105.8,0.632,0.807,1114.8,forest,0
26.6678,94.037,Jorhat,252.7,22.1,293.2,9,24.0,62.6,0.557,0.572,2829.8,agriculture,0
25.6892,93.968,Kohima,1112.6,27.6,209.9,7,16.1,110.9,0.539,0.679,856.0,water,1
27.1909,93.4243,Itanagar,275.6,33.6,163.1,10,3.5,8.3,0.611,0.253,2764.6,agriculture,0
25.4202,91.7593,Shillong,594.8,17.1,104.5,7,6.2,32.6,0.706,0.663,244.6,agriculture,0
27.1208,93.3598,Itanagar,1273.7,27.5,258.4,6,12.8,26.6,0.471,0.558,3045.5,forest,0
23.7397,93.0667,Aizawl,802.2,30.5,308.6,8,40.7,166.2,0.556,0.576,1991.1,agriculture,0
24.8525,93.9937,Imphal,1478.0,27.9,149.8,10,5.2,15.6,0.736,0.224,1502.8,agriculture,0
24.35,94.0417,Imphal,1394.9,26.2,237.4,8,12.8,45.8,0.807,0.528,2120.3,forest,0
23.8489,91.0261,Agartala,840.5,33.3,88.5,7,46.0,295.4,0.763,0.948,6619.9,forest,0
27.2543,93.4655,Itanagar,486.4,13.2,239.8,6,0.9,6.4,0.536,0.846,394.6,urban,1
26.1233,91.8245,Guwahati,425.0,26.2,231.5,8,24.0,174.3,0.207,1.0,2639.2,water,0
27.7355,95.1389,Dibrugarh,646.4,21.2,243.1,7,6.6,35.7,0.54,0.493,1439.3,bare,0
26.946,93.7924,Itanagar,259.0,44.8,255.1,4,1.8,13.6,0.286,0.134,222.4,water,0
25.8049,94.3994,Kohima,1840.0,9.3,219.3,7,16.0,117.8,0.549,0.748,1125.9,forest,0
23.9804,92.53,Aizawl,389.3,10.8,107.0,4,5.3,32.3,0.656,0.2,10237.8,forest,0
25.9146,94.1263,Kohima,912.0,21.9,241.4,8,3.7,24.3,0.61,0.873,4177.7,forest,0
25.2325,91.9719,Shillong,735.8,27.9,96.3,5,0.3,1.2,0.459,0.248,1959.4,forest,0
25.8758,91.9373,Guwahati,732.4,35.0,186.2,9,6.4,45.7,0.526,0.554,6945.6,forest,0
25.4446,92.199,Shillong,949.8,18.2,3.2,8,9.2,56.1,0.477,0.733,802.2,forest,0
26.7468,94.2764,Jorhat,691.3,18.8,37.8,2,1.0,4.5,0.407,0.265,148.6,agriculture,0
27.0724,93.3932,Itanagar,954.8,22.8,281.3,3,3.5,17.8,0.89,0.174,3014.1,forest,0
26.7648,93.352,Itanagar,719.0,22.6,340.3,8,12.3,67.9,0.874,0.896,5423.7,water,0
24.8807,94.1247,Imphal,2696.6,7.2,274.1,6,15.2,106.2,0.522,0.646,1557.5,agriculture,0
24.8669,92.2074,Dawki,942.2,10.8,356.1,5,1.6,9.8,0.691,0.153,5274.3,forest,0
25.0824,91.6501,Dawki,516.3,24.1,21.2,7,0.7,1.5,0.369,0.807,3163.1,agriculture,0
24.0867,92.774,Aizawl,671.3,12.5,215.0,8,9.5,24.5,0.475,0.686,7671.5,agriculture,0
25.4247,94.1544,Kohima,618.2,11.9,185.8,7,6.6,43.7,0.603,0.901,710.2,forest,0
26.339,92.8775,Tezpur,1931.4,33.8,158.1,8,39.4,255.8,0.426,0.838,1035.3,forest,0
26.7353,94.1314,Jorhat,283.6,16.3,81.6,7,14.3,62.3,0.425,0.841,446.0,forest,0
25.9525,94.0854,Kohima,392.8,19.6,227.0,5,0.5,2.8,0.643,0.242,3008.1,agriculture,0
25.7202,94.2281,Kohima,215.5,27.5,343.0,4,0.6,2.9,0.858,0.283,3263.0,forest,0
26.2493,92.9273,Tezpur,450.9,36.4,163.6,9,1.4,9.2,0.601,1.0,1702.5,agriculture,0
27.4124,95.1866,Dibrugarh,441.6,40.4,187.3,7,23.9,186.9,0.518,0.842,8572.6,bare,0
26.0046,91.7054,Guwahati,892.1,20.5,132.7,8,10.0,33.8,0.531,0.438,3811.1,agriculture,0
25.7009,91.6252,Guwahati,645.8,12.3,231.6,10,1.1,5.9,0.549,0.218,269.0,urban,0
23.8811,91.4515,Agartala,132.6,32.9,177.0,7,8.1,54.5,0.916,0.527,2685.9,agriculture,0
26.7177,92.4947,Tezpur,354.2,2.7,219.7,7,18.7,105.8,0.536,0.834,434.4,urban,0
25.8011,94.2564,Kohima,619.6,45.1,31.4,6,7.1,29.0,0.422,0.686,7554.6,agriculture,0
27.4069,94.7265,Dibrugarh,2480.2,43.7,233.3,10,1.6,8.3,0.465,0.235,197.9,water,0
27.7193,93.3061,Itanagar,456.5,23.0,80.9,3,4.5,26.5,0.653,0.216,8009.8,agriculture,0
25.6277,90.2762,Tura,728.6,24.0,28.6,6,7.4,25.0,0.809,0.908,6092.2,agriculture,1
25.7529,94.3077,Kohima,585.5,12.2,113.2,4,4.1,29.6,0.95,0.216,4066.5,forest,0
24.9121,94.0156,Imphal,932.6,11.0,322.0,4,3.0,22.2,0.437,0.25,3704.2,bare,1
27.1004,92.7477,Tezpur,192.1,40.2,18.0,6,8.9,46.1,0.437,0.892,4165.6,urban,0
27.4843,95.0493,Dibrugarh,1107.5,19.7,147.0,7,8.1,59.1,0.797,0.606,1469.3,forest,0
24.9718,93.9904,Imphal,1039.0,9.0,64.2,11,1.3,5.2,0.488,0.191,1840.6,agriculture,0
26.5269,92.8079,Tezpur,285.0,9.6,169.4,12,0.7,3.8,0.848,0.271,5263.0,forest,0
26.1403,91.3878,Guwahati,670.9,27.8,140.2,8,5.0,27.7,0.791,0.552,292.8,water,0
23.7763,91.2503,Agartala,312.4,45.4,272.0,8,9.4,53.0,0.361,0.538,5074.4,forest,0
26.1336,91.7204,Guwahati,1403.4,11.7,68.7,8,4.2,31.8,0.069,0.898,11223.0,agriculture,1
26.7872,93.665,Itanagar,289.1,20.1,284.8,4,6.6,36.2,0.615,0.262,156.4,agriculture,0
24.8604,93.8766,Imphal,3590.6,22.3,250.1,7,3.4,26.5,0.858,0.734,350.1,agriculture,1
27.6566,94.7417,Dibrugarh,1452.9,11.9,212.0,5,8.3,49.4,0.611,0.253,66.6,bare,0
24.0396,91.4451,Agartala,3202.8,24.4,112.4,5,1.7,10.3,0.686,0.153,3748.7,bare,0
25.0767,94.0892,Imphal,1774.1,38.9,254.2,6,1.9,12.5,0.523,0.784,727.3,water,0
24.001,90.8639,Agartala,352.1,32.1,80.5,8,9.1,24.2,0.5,0.405,3183.3,bare,0
23.7161,91.4729,Agartala,93.7,20.7,357.9,6,15.1,73.8,0.636,0.643,4788.1,forest,0
23.941,93.0382,Aizawl,464.9,34.1,226.9,7,9.1,63.2,0.75,0.481,82.4,forest,0
25.7258,94.4297,Kohima,1310.6,28.1,340.8,9,41.1,246.4,0.714,0.941,3411.9,forest,1
25.4909,91.9255,Shillong,664.6,8.8,325.7,9,19.4,109.8,0.736,0.595,4466.4,forest,0
26.4599,94.1966,Jorhat,1574.3,42.9,10.1,4,5.6,13.1,0.29,0.216,4788.5,forest,0
25.3088,90.1395,Tura,353.0,29.7,9.6,8,0.3,2.4,0.701,0.528,5786.5,bare,1
27.3288,94.832,Dibrugarh,295.4,21.2,27.4,7,25.7,169.4,0.734,0.81,947.7,agriculture,0
26.5377,92.4942,Tezpur,323.9,22.0,249.0,9,17.3,90.7,0.623,0.923,1428.3,agriculture,0
25.4923,94.4302,Kohima,2603.4,12.3,180.9,8,12.7,28.3,0.49,0.842,120.0,bare,0
25.7249,89.9194,Tura,566.7,9.8,241.8,4,3.3,18.6,0.221,0.219,4424.7,water,0
24.9022,92.0877,Dawki,776.6,18.4,196.1,7,9.0,39.6,0.566,0.802,4294.1,bare,0
24.0159,90.7883,Agartala,368.0,28.5,116.7,8,3.4,10.9,0.713,0.673,1778.6,forest,0
26.4431,92.816,Tezpur,2041.1,25.6,104.6,6,23.9,112.1,0.23,0.614,7118.7,forest,0
25.6413,94.0257,Kohima,155.8,24.3,191.0,3,3.0,11.2,0.391,0.22,305.2,urban,0
25.229,90.148,Tura,924.9,50.3,104.6,7,6.6,44.1,0.292,0.928,1185.2,forest,1
27.0734,93.0808,Tezpur,262.6,30.7,79.8,6,6.3,13.1,0.578,0.356,1993.0,forest,0
27.6104,94.9991,Dibrugarh,524.0,25.4,43.3,7,46.8,372.8,0.413,0.664,1880.8,bare,0
25.8681,92.1153,Shillong,397.8,42.8,337.6,6,19.3,134.6,0.308,0.516,2063.7,agriculture,1
25.3229,91.5281,Shillong,207.9,4.9,296.4,5,14.8,57.5,0.561,0.23,1240.0,forest,0
25.5755,93.8459,Kohima,1870.4,37.3,22.3,6,5.8,45.1,0.804,0.96,2320.9,urban,1
25.2847,91.8966,Dawki,1309.5,25.4,325.3,4,0.3,2.3,0.782,0.223,5610.5,urban,0
26.9416,93.7266,Itanagar,241.9,48.8,317.4,8,1.9,12.6,0.258,0.535,691.4,bare,1
24.6899,94.0146,Imphal,322.1,11.4,2.3,4,0.8,2.8,0.745,0.257,4649.6,agriculture,0
23.9088,92.4256,Aizawl,574.7,39.4,287.6,10,6.6,31.4,0.538,0.158,88.9,agriculture,0
25.48,94.0383,Kohima,980.8,11.4,3.3,8,5.4,25.8,0.63,0.772,3128.4,water,1
27.6552,94.8936,Dibrugarh,2690.8,8.3,270.7,4,1.5,9.0,0.529,0.218,391.4,forest,0
24.0069,92.9371,Aizawl,1096.0,7.3,90.0,1,1.5,7.4,0.873,0.216,1370.5,forest,0
25.5383,91.9996,Shillong,1338.0,15.7,43.0,8,13.8,31.6,0.626,0.91,1151.8,bare,0
23.835,91.5174,Agartala,122.5,21.1,257.5,9,41.4,237.7,0.661,0.777,4521.7,urban,0
25.4961,90.377,Tura,504.0,32.4,292.0,8,9.8,47.5,0.487,1.0,162.9,forest,1
26.8308,94.423,Jorhat,312.2,10.5,244.4,4,0.9,4.9,0.599,0.155,3146.7,forest,0
27.918,94.8084,Dibrugarh,444.3,15.9,251.7,5,3.1,17.2,0.478,0.29,8825.3,water,1
25.5226,92.1574,Dawki,828.3,33.2,348.4,4,7.0,32.6,0.658,0.198,4099.9,forest,0
25.942,91.858,Guwahati,2203.4,19.8,201.9,7,68.3,220.3,0.648,0.5,788.4,forest,0
26.6638,92.7783,Tezpur,1073.3,14.8,331.4,7,15.3,30.9,0.472,0.76,3313.3,forest,0
25.9063,91.8094,Guwahati,1276.7,38.3,266.0,7,1.5,8.1,0.596,0.784,4107.1,urban,0
25.3083,93.7476,Kohima,212.1,25.8,344.1,6,25.8,135.6,0.498,0.687,522.8,forest,0
24.8593,93.5688,Imphal,1593.1,2.7,321.1,1,0.0,0.0,0.373,0.232,15168.5,forest,0
26.0907,91.9417,Guwahati,682.4,36.1,357.2,8,1.8,12.5,0.69,0.725,3185.5,forest,0
25.7152,91.6348,Shillong,647.6,42.1,287.0,6,15.5,44.8,0.431,0.844,3635.5,urban,0
26.7475,94.2615,Jorhat,226.4,24.4,252.9,8,16.1,128.3,0.692,0.505,5105.3,agriculture,0
26.7819,93.3299,Itanagar,1098.1,35.9,156.2,5,1.3,7.6,0.348,0.186,2334.9,water,1
25.5801,94.1424,Kohima,145.3,31.0,185.1,7,30.2,115.3,0.682,0.587,249.3,agriculture,1
26.834,92.9795,Tezpur,424.7,28.1,291.6,8,21.5,98.6,0.59,0.825,1536.5,forest,0
25.469,90.2075,Tura,1406.5,46.2,230.8,1,10.3,35.1,0.339,0.184,9532.4,urban,0
25.6836,90.0213,Tura,1034.7,16.8,16.5,8,22.4,73.4,0.472,0.667,4939.4,urban,0
27.3019,94.7336,Dibrugarh,167.3,44.5,165.2,8,27.9,98.3,0.483,0.489,38.3,forest,1
24.8701,94.0196,Imphal,127.6,7.6,216.6,1,0.3,1.0,0.684,0.132,2052.3,water,0
27.0207,93.5508,Itanagar,639.3,23.7,329.5,5,1.9,8.8,0.671,0.256,3416.3,bare,0
25.5405,91.7766,Shillong,608.6,26.6,7.2,4,5.4,37.6,0.614,0.229,403.0,agriculture,0
26.9923,93.8559,Jorhat,553.8,47.8,83.3,6,23.6,121.8,0.379,0.689,2182.4,forest,1
25.5823,90.4931,Tura,385.2,37.3,55.9,8,12.8,68.2,0.535,0.642,1510.3,forest,0
26.8368,92.8416,Tezpur,217.8,35.8,73.7,9,5.4,41.1,0.654,0.658,2398.3,agriculture,0
23.7264,92.6477,Aizawl,477.0,41.8,110.8,1,1.3,3.5,0.279,0.26,1415.3,forest,0
26.0451,92.1337,Shillong,502.6,6.4,52.2,5,0.2,1.4,0.621,0.264,1108.7,forest,0
27.4722,95.0742,Dibrugarh,744.7,39.8,32.2,5,0.8,4.9,0.68,0.219,2417.5,urban,0
23.9325,91.0938,Agartala,1238.0,11.9,154.6,6,19.1,60.2,0.52,0.743,1464.3,forest,0
27.3598,93.5423,Itanagar,874.1,17.2,264.7,6,13.4,85.8,0.483,0.972,4359.2,agriculture,0
25.4585,90.4516,Tura,1215.6,19.4,16.7,6,13.3,51.2,0.742,0.732,1064.5,forest,0
25.6479,91.5623,Shillong,1183.0,26.1,188.1,8,1.2,6.4,0.718,0.619,4735.2,forest,0
27.3344,93.5724,Itanagar,478.8,34.3,260.8,7,6.3,39.7,0.748,0.996,531.3,urban,0
25.4996,92.3049,Dawki,353.7,48.7,356.1,10,1.0,7.5,0.535,0.285,11563.5,forest,0
26.1159,91.4959,Guwahati,348.7,35.3,256.3,8,0.3,1.4,0.608,0.953,5098.5,forest,1
25.9784,92.0838,Guwahati,1118.2,7.8,105.3,3,3.9,28.7,0.815,0.215,1692.1,forest,0
25.4273,91.6491,Shillong,933.1,8.1,156.4,5,6.2,30.8,0.438,0.288,965.7,urban,0
27.5282,94.6809,Dibrugarh,403.0,12.5,14.4,7,14.1,104.0,0.527,0.664,5037.2,bare,0
25.5717,92.1745,Shillong,1529.7,16.1,155.2,8,9.0,35.3,0.587,0.574,736.0,forest,0
26.0837,91.6022,Guwahati,401.3,10.0,117.2,7,3.5,21.1,0.45,0.481,894.3,forest,0
26.5857,94.3384,Jorhat,655.0,23.7,184.4,7,4.7,14.0,0.37,1.0,8849.8,agriculture,1
25.8377,93.9861,Kohima,711.7,31.9,258.3,7,0.1,0.3,0.509,0.369,2613.3,water,1
25.524,94.2107,Kohima,615.6,24.5,72.0,7,4.6,21.8,0.764,0.688,918.7,forest,0
25.4154,93.8165,Kohima,269.3,39.0,78.3,9,5.4,30.3,0.522,0.753,1490.3,urban,1
27.0159,94.5151,Jorhat,269.4,27.9,356.1,6,50.5,130.2,0.593,0.565,2695.2,bare,0
27.0801,93.7914,Itanagar,419.6,30.5,213.4,8,6.1,33.1,0.674,0.791,4676.8,water,0
25.7634,90.1775,Tura,346.3,23.0,299.1,5,4.8,14.8,0.252,0.222,3969.0,urban,0
25.5976,90.6301,Tura,459.8,27.5,38.4,7,1.1,6.0,0.856,0.819,6579.2,agriculture,0
26.4809,94.1778,Jorhat,233.5,35.1,201.3,9,8.0,32.5,0.429,0.596,5089.5,bare,1
23.892,91.2552,Agartala,399.3,49.0,190.0,7,21.5,89.4,0.37,0.537,6944.5,urban,0
25.72,91.9495,Shillong,552.6,41.9,285.0,7,7.7,55.0,0.411,0.929,8482.1,agriculture,0
26.779,94.4695,Jorhat,583.8,16.1,203.1,6,22.4,163.5,0.754,0.837,1984.4,forest,1
24.5136,93.9714,Imphal,704.1,7.1,157.4,6,7.2,29.6,0.465,0.521,2370.9,forest,0
23.9867,90.9418,Agartala,726.2,20.5,329.6,9,8.3,28.3,0.821,0.72,4456.5,bare,0
23.8826,92.8255,Aizawl,1060.0,10.4,208.7,9,7.2,16.3,0.547,0.734,784.2,forest,0
27.753,94.841,Dibrugarh,175.9,12.7,122.7,2,3.8,28.0,0.451,0.208,2657.1,agriculture,0
24.9841,91.649,Dawki,2078.0,23.2,234.4,8,3.3,21.5,0.787,0.855,342.4,forest,0
26.3123,91.8787,Guwahati,213.2,24.7,221.4,7,2.6,13.5,0.699,0.689,144.1,forest,0
25.6667,90.2733,Tura,1737.7,17.3,265.6,6,19.9,105.8,0.534,0.601,153.5,water,0
23.3632,91.4025,Agartala,1166.4,27.0,315.3,9,2.9,21.4,0.758,0.95,1528.0,water,0
26.7547,94.6237,Jorhat,1672.9,36.2,27.4,8,24.8,102.2,0.637,0.824,3505.6,water,0
25.2377,92.2286,Dawki,2082.3,11.0,174.1,10,5.5,42.0,0.359,0.169,8814.4,agriculture,0
25.4774,94.2258,Kohima,1540.2,18.4,330.7,7,6.6,19.7,0.78,0.924,4707.2,forest,0
25.504,90.3078,Tura,269.7,33.3,273.2,10,8.1,45.3,0.825,0.186,6607.1,bare,1
25.4446,91.5867,Shillong,3466.0,8.8,15.1,7,0.9,4.0,0.534,0.605,137.9,agriculture,0
23.3767,92.5759,Aizawl,960.4,25.0,36.1,6,7.0,33.2,0.477,0.697,1692.6,forest,0
27.5492,93.7314,Itanagar,1604.1,37.9,22.2,9,6.3,47.3,0.568,0.488,1596.2,water,0
27.0078,94.2871,Jorhat,704.8,14.8,267.0,9,3.1,24.6,0.609,0.611,6486.3,forest,0
25.4855,94.0762,Kohima,791.1,10.2,156.9,7,17.9,75.4,0.615,1.0,1673.1,agriculture,0
23.7348,92.7921,Aizawl,540.7,27.3,195.1,7,16.4,40.4,0.623,0.955,5307.1,forest,0
24.1202,92.875,Aizawl,1742.3,40.1,286.7,7,1.9,10.4,0.345,0.3,29.5,agriculture,1
23.7386,91.2959,Agartala,871.7,47.4,159.0,8,7.5,16.5,0.601,0.715,833.0,agriculture,1
25.0821,92.0924,Dawki,437.1,20.0,231.1,11,2.7,10.1,0.428,0.247,240.4,water,0
25.3183,92.259,Dawki,968.4,50.2,89.3,8,22.1,99.3,0.489,0.513,5978.8,bare,0
26.0487,91.6116,Guwahati,341.4,18.5,58.5,5,0.7,4.6,0.876,0.186,8182.7,urban,0
23.8093,92.3161,Aizawl,590.0,43.1,100.3,7,12.3,89.8,0.268,0.644,1845.2,urban,0
27.9017,94.585,Dibrugarh,103.7,7.5,123.3,5,3.5,8.5,0.397,0.189,3151.6,forest,0
26.0544,93.3572,Tezpur,1458.9,15.9,175.4,8,1.6,8.4,0.835,0.685,735.8,water,0
25.2346,91.4528,Shillong,930.1,38.0,72.6,6,2.4,7.1,0.69,0.765,1027.5,forest,0
25.7009,94.0169,Kohima,200.8,42.0,71.2,7,8.8,45.1,0.523,0.765,1821.5,forest,0
25.682,93.9218,Kohima,1097.6,22.7,311.3,7,0.3,1.0,0.483,0.772,4563.3,agriculture,0
23.9718,92.7441,Aizawl,248.0,19.9,333.7,5,7.3,17.1,0.587,0.123,2965.1,agriculture,0
25.726,91.884,Shillong,2261.1,22.1,201.7,6,7.9,37.8,0.573,0.587,899.2,agriculture,0
25.9006,91.7496,Shillong,2213.2,8.2,17.4,6,19.5,146.8,0.669,0.709,2095.8,forest,1
26.0156,91.6728,Guwahati,604.5,16.8,19.5,7,32.7,169.3,0.628,0.645,1030.4,forest,0
24.9681,91.9594,Dawki,429.9,35.3,286.4,7,3.6,17.1,0.73,0.679,224.5,forest,1
25.6686,92.1699,Dawki,453.9,25.3,100.9,9,3.3,21.1,0.472,0.777,5755.6,urban,1
26.6849,93.9326,Jorhat,239.6,24.9,271.7,7,21.1,151.4,0.95,0.509,700.3,agriculture,0
26.6807,92.701,Tezpur,885.1,28.3,263.6,9,41.3,204.5,0.587,0.586,725.4,forest,0
25.8105,94.2887,Kohima,438.8,31.0,102.0,4,2.0,15.0,0.886,0.245,1342.5,urban,0
26.4202,92.5957,Tezpur,966.2,22.9,6.1,7,16.6,54.8,0.907,0.615,930.8,forest,0
26.3042,91.851,Guwahati,324.9,18.1,356.3,9,9.5,60.2,0.403,0.496,1465.7,agriculture,0
25.5233,90.0075,Tura,653.8,9.4,357.6,5,0.7,3.7,0.598,0.214,68.3,forest,0
25.0602,93.7054,Imphal,233.2,30.1,38.8,8,21.1,83.1,0.4,0.805,4982.0,agriculture,0
27.6136,95.0572,Dibrugarh,2121.3,23.7,180.3,8,14.7,41.0,0.45,0.981,1585.1,forest,0
27.4399,94.7804,Dibrugarh,551.3,18.0,59.3,6,44.1,286.2,0.696,0.376,1308.4,forest,0
25.8933,91.7905,Guwahati,872.5,30.1,169.2,11,1.3,8.4,0.473,0.281,1914.7,forest,1
27.3023,93.7693,Itanagar,390.9,5.8,74.1,5,5.1,16.6,0.494,0.282,6900.0,forest,0
23.5523,92.605,Aizawl,206.1,28.2,129.9,8,23.5,71.8,0.688,0.808,463.7,bare,1
25.553,94.0921,Kohima,345.6,35.0,218.6,10,1.6,11.3,0.763,0.177,780.8,forest,0
24.9542,92.2125,Dawki,1002.3,14.7,118.0,5,1.9,11.3,0.785,0.176,2599.1,bare,0
25.8686,91.8195,Guwahati,1216.4,13.7,151.5,8,9.9,61.3,0.548,0.681,1439.4,agriculture,0
25.1757,92.1208,Dawki,408.7,12.4,112.5,5,0.4,1.8,0.515,0.264,6040.9,forest,0
24.9694,94.1834,Imphal,196.8,19.4,272.5,5,0.7,2.6,0.723,0.216,10770.5,forest,0
23.4316,92.8778,Aizawl,1614.9,50.0,301.0,9,2.7,17.9,0.342,0.553,298.7,agriculture,0
26.0509,91.92,Guwahati,187.3,14.3,320.0,5,2.7,14.9,0.559,0.205,761.3,agriculture,0
23.6623,92.6275,Aizawl,2960.2,15.9,99.2,9,16.6,98.1,0.675,1.0,146.9,forest,0
23.8719,92.6139,Aizawl,911.6,38.4,174.8,5,1.4,5.4,0.613,0.19,1511.5,bare,0
25.5132,91.9268,Shillong,326.4,24.3,187.0,8,17.6,104.2,0.43,0.699,2414.7,forest,0
25.6235,94.126,Kohima,126.4,44.4,217.6,5,5.0,34.1,0.431,0.217,280.5,forest,0
27.5009,94.779,Dibrugarh,621.8,18.0,113.6,4,1.6,11.7,0.64,0.212,1790.5,forest,0
25.2463,91.9953,Dawki,346.0,29.3,100.5,8,3.3,22.1,0.672,0.708,1457.7,forest,0
26.2747,91.9316,Guwahati,690.7,5.6,292.6,10,0.1,0.3,0.254,0.231,2084.4,water,0
23.3312,92.8448,Aizawl,1269.3,14.6,138.8,2,3.5,13.6,0.708,0.155,1972.5,water,0
26.1372,92.429,Tezpur,8381.2,16.8,293.5,5,0.1,0.9,0.897,0.208,1016.7,forest,0
25.3105,90.1429,Tura,702.8,21.9,359.6,7,49.9,104.8,0.815,0.599,135.5,forest,0
25.6813,90.1986,Tura,510.4,31.5,268.1,5,5.9,11.8,0.676,0.261,794.8,agriculture,0
25.6436,89.8317,Tura,334.1,10.5,43.4,9,1.2,5.1,0.443,0.55,10852.8,forest,0
24.5645,93.7628,Imphal,628.9,32.7,330.4,1,1.5,10.6,0.419,0.273,1791.3,agriculture,0
25.455,90.459,Tura,256.1,38.1,296.1,5,6.0,30.0,0.658,0.282,3967.4,forest,0
26.415,92.5406,Tezpur,237.0,20.0,283.4,8,17.0,82.7,0.511,0.996,2139.9,water,0
27.0359,92.7892,Tezpur,201.4,33.7,243.4,10,0.5,2.0,0.457,0.271,2296.0,water,0
23.5646,92.5694,Aizawl,1771.1,19.2,116.5,10,3.2,25.0,0.429,0.243,910.9,water,0
25.1732,91.7054,Dawki,345.2,24.7,219.4,8,16.3,39.2,0.282,0.974,399.1,forest,0
23.3754,92.5816,Aizawl,456.3,29.5,354.1,7,5.2,23.6,0.619,0.498,606.0,urban,0
25.245,91.9588,Shillong,355.3,22.4,117.0,6,3.0,20.8,0.608,0.65,8254.9,forest,0
26.6821,93.9831,Jorhat,860.8,18.3,325.2,3,1.8,11.8,0.648,0.17,908.8,forest,0
25.4073,90.2414,Tura,1388.4,27.3,202.8,10,7.4,40.5,0.575,0.206,50.3,urban,0
26.7547,92.5107,Tezpur,1134.2,15.5,39.5,8,47.6,260.2,0.548,1.0,8814.4,agriculture,1
26.4168,91.6524,Guwahati,1654.7,10.1,184.4,10,2.2,6.3,0.687,0.202,511.6,forest,0
23.663,92.8074,Aizawl,1688.6,30.2,91.0,7,58.3,138.8,0.706,0.968,450.4,water,0
26.5102,91.3921,Guwahati,420.7,16.4,127.4,7,15.9,93.6,0.514,0.989,11372.1,forest,0
24.1121,91.1382,Agartala,581.1,32.6,289.7,9,1.9,7.3,0.647,0.493,3389.9,agriculture,0
25.3278,90.262,Tura,209.4,31.2,248.6,8,2.2,17.1,0.329,0.55,104.7,bare,0
27.3332,94.7246,Dibrugarh,233.8,43.6,85.0,3,2.9,19.6,0.387,0.256,380.6,agriculture,0
24.5089,93.9558,Imphal,1078.3,29.0,85.4,5,0.3,1.6,0.741,0.271,6741.5,bare,0
26.7945,92.3799,Tezpur,1121.4,10.1,333.2,6,8.6,35.3,0.689,0.436,2482.9,bare,0
25.0012,94.1162,Imphal,640.6,21.7,253.2,8,19.2,81.9,0.345,0.457,173.5,urban,0
27.4507,95.3253,Dibrugarh,345.6,46.3,250.3,9,8.9,35.0,0.3,0.252,1495.6,agriculture,0
27.4676,94.7514,Dibrugarh,869.5,17.4,205.4,8,1.6,11.4,0.518,0.98,8134.7,forest,0
27.4888,94.8673,Dibrugarh,316.4,21.1,15.1,8,52.1,308.9,0.504,0.447,4387.1,urban,1
23.5352,91.8541,Agartala,2769.1,21.2,52.5,8,16.4,96.6,0.491,0.719,5219.9,forest,0
24.0666,90.9509,Agartala,415.5,15.0,287.1,8,5.3,32.1,0.681,0.989,1903.4,forest,0
26.6783,92.8975,Tezpur,552.9,8.6,69.6,5,2.1,16.0,0.441,0.129,4161.9,forest,0
25.6379,90.3623,Tura,472.5,9.9,82.8,7,7.9,29.8,0.605,0.694,5811.4,forest,0
25.3044,92.2463,Dawki,904.5,13.6,225.5,9,19.7,90.6,0.684,0.572,8929.5,forest,0
25.5802,90.1022,Tura,2050.2,35.3,113.3,9,1.2,4.9,0.4,0.44,11623.5,forest,1
25.0999,91.8707,Dawki,560.7,11.6,70.0,3,2.7,5.8,0.626,0.195,2499.2,agriculture,0
26.3536,94.202,Jorhat,62.9,52.0,260.1,7,15.5,84.5,0.41,0.639,4845.4,forest,0
25.563,91.7994,Shillong,541.6,10.6,161.4,10,0.5,3.4,0.711,0.25,3030.4,water,0
25.6959,91.6602,Shillong,1006.6,11.3,262.6,8,1.4,5.6,0.648,0.816,518.8,water,0
23.6715,91.3484,Agartala,1360.7,31.7,231.7,10,2.1,13.2,0.561,0.252,2228.6,forest,0
25.063,90.2995,Tura,1247.5,15.1,139.8,8,7.9,39.8,0.378,0.774,999.9,agriculture,1
25.5325,90.0065,Tura,1520.5,5.8,9.2,5,1.2,7.8,0.771,0.227,7708.9,forest,0
27.2275,93.8466,Itanagar,343.1,24.4,168.3,10,4.4,30.8,0.647,0.253,3975.9,forest,0
25.8149,90.139,Tura,1098.2,34.5,130.7,6,5.5,29.3,0.614,0.414,2017.9,bare,0
27.0784,95.1193,Dibrugarh,276.8,34.9,79.4,7,8.2,61.4,0.684,0.892,2931.0,bare,1
25.632,92.0403,Shillong,454.3,6.9,219.5,9,24.3,61.8,0.44,0.598,344.7,forest,0
27.4589,94.8668,Dibrugarh,999.8,36.0,258.7,3,4.6,22.9,0.657,0.242,8947.0,agriculture,1
23.9174,91.2409,Agartala,1472.0,10.5,208.5,8,5.4,24.6,0.88,0.717,3225.4,forest,0
23.5895,92.2611,Aizawl,872.5,34.5,45.6,8,3.8,8.1,0.502,0.551,3316.1,agriculture,0
27.0714,94.5064,Jorhat,1516.1,23.8,225.3,6,3.1,17.6,0.485,0.942,7657.0,forest,0
26.2289,91.9835,Guwahati,788.4,14.1,5.0,7,20.4,101.8,0.458,0.439,289.9,forest,0
27.709,94.9275,Dibrugarh,402.2,19.4,9.0,5,2.4,13.7,0.749,0.26,9134.2,forest,0
25.6162,91.9942,Shillong,826.0,13.4,215.5,7,19.0,42.7,0.732,0.512,513.8,forest,0
26.6596,92.7223,Tezpur,220.0,43.2,275.4,9,7.3,41.6,0.416,0.804,496.7,agriculture,1
25.1965,92.0003,Dawki,589.8,19.2,17.9,9,1.0,2.8,0.328,0.775,1706.2,bare,0
24.8673,94.08,Imphal,1970.4,8.7,167.4,6,2.0,9.9,0.685,0.496,207.4,bare,1
27.7173,94.9756,Dibrugarh,245.0,9.8,234.0,8,2.1,7.1,0.773,0.685,820.1,agriculture,0
25.5896,90.2463,Tura,1435.0,12.5,160.9,8,4.1,22.9,0.763,0.298,564.2,agriculture,0
23.8868,93.1209,Aizawl,818.5,30.5,68.6,5,1.1,5.3,0.706,0.252,3676.5,urban,1
26.548,94.4711,Jorhat,1011.7,37.7,238.4,4,5.5,33.5,0.838,0.168,6952.2,water,0
26.8293,92.9552,Tezpur,893.6,21.2,208.9,6,10.9,60.4,0.663,0.689,3671.9,agriculture,0
27.1282,93.5359,Itanagar,558.2,20.2,308.9,8,7.1,28.3,0.732,0.856,5999.4,forest,0
24.5751,93.6868,Imphal,370.8,16.6,227.8,8,7.7,33.8,0.555,1.0,3641.7,water,0
26.4586,91.5324,Guwahati,650.6,17.5,103.9,5,2.3,13.9,0.452,0.22,4461.1,water,0
26.658,94.3488,Jorhat,1049.8,37.0,181.7,7,2.2,11.0,0.752,0.697,7758.5,urban,0
25.9454,91.8008,Guwahati,432.9,19.3,200.9,8,19.0,122.6,0.716,0.696,2852.0,bare,0
23.9222,92.7533,Aizawl,486.1,16.3,6.3,6,42.1,118.0,0.762,0.704,1578.9,agriculture,0
26.9504,93.7697,Itanagar,5639.3,12.9,209.5,9,4.6,15.0,0.676,0.664,1418.2,agriculture,1
26.2374,91.9082,Guwahati,316.7,33.1,9.4,5,0.4,2.4,0.603,0.212,4107.0,forest,0
27.2594,93.5016,Itanagar,78.6,30.2,325.3,8,17.1,132.0,0.118,0.691,2591.3,forest,0
26.0018,91.9585,Guwahati,750.2,7.6,213.0,5,0.7,4.2,0.479,0.195,1164.2,forest,0
24.1432,91.4042,Agartala,2120.8,17.6,185.7,11,0.7,3.7,0.748,0.178,1177.8,forest,0
23.7091,92.5835,Aizawl,306.6,8.2,0.0,9,1.3,10.0,0.225,0.921,1654.6,bare,1
26.5949,92.8443,Tezpur,494.3,40.1,61.2,4,1.8,5.0,0.144,0.221,3362.8,water,0
26.0642,91.7064,Guwahati,334.9,4.4,14.1,10,0.3,1.4,0.538,0.246,978.6,agriculture,0
23.3357,92.6401,Aizawl,665.6,40.7,239.3,7,4.7,33.0,0.38,0.996,712.5,agriculture,1
27.4584,95.2016,Dibrugarh,1837.9,7.4,351.8,3,2.3,17.2,0.6,0.258,4774.1,agriculture,0
25.6193,92.0311,Shillong,319.1,31.5,195.1,8,19.9,59.4,0.35,0.634,3117.5,forest,0
26.6003,94.1398,Jorhat,472.3,39.6,322.2,9,20.8,136.5,0.777,0.672,1643.9,forest,1
25.3399,94.1216,Kohima,1441.4,38.4,301.2,10,1.1,4.8,0.372,0.265,2505.3,forest,0
25.0606,91.7478,Dawki,994.1,18.4,244.6,8,28.3,147.7,0.657,0.423,2702.3,forest,0
26.1918,91.6081,Guwahati,1843.3,21.3,243.9,3,1.2,8.7,0.401,0.201,2198.0,water,0
23.9331,91.1347,Agartala,747.7,26.0,302.5,11,0.7,1.8,0.554,0.258,5156.0,forest,0
27.2518,95.1976,Dibrugarh,885.0,13.2,270.8,9,1.8,4.0,0.845,1.0,2607.9,bare,0
23.7458,92.4969,Aizawl,446.2,32.6,118.8,5,0.5,1.9,0.9,0.242,2949.1,agriculture,0
26.0519,91.9701,Guwahati,227.1,11.3,321.8,4,1.6,7.1,0.508,0.205,9235.8,agriculture,0
26.5627,92.7885,Tezpur,367.0,29.2,215.9,5,0.2,1.3,0.805,0.277,2411.8,agriculture,0
24.6196,94.096,Imphal,427.3,48.8,13.1,5,2.9,20.4,0.538,0.202,1634.7,urban,0
25.4974,91.8956,Shillong,1117.5,12.1,24.1,4,10.0,35.2,0.604,0.213,3272.1,water,0
27.5538,93.671,Itanagar,2625.1,18.1,85.4,8,36.4,93.2,0.875,0.519,1807.2,bare,0
26.25,91.5993,Guwahati,163.9,8.0,157.6,9,1.9,11.7,0.752,0.581,513.2,forest,0
24.6431,94.0707,Imphal,442.5,13.5,106.2,4,0.9,3.9,0.595,0.234,3702.3,forest,0
25.195,91.7768,Dawki,280.9,20.7,323.3,5,0.3,1.2,0.668,0.139,3023.3,agriculture,0
27.2423,94.6738,Dibrugarh,152.9,20.6,141.1,3,3.7,13.8,0.482,0.172,1115.3,forest,0
27.3479,93.7091,Itanagar,639.2,15.7,67.3,8,11.9,25.9,0.795,0.729,5746.3,forest,1
25.2225,91.8964,Shillong,765.3,12.1,212.4,8,1.9,7.7,0.301,0.934,7718.8,bare,1
26.9499,93.8196,Itanagar,769.8,20.6,190.1,4,0.4,3.0,0.936,0.263,3567.7,forest,0
23.5992,92.7323,Aizawl,115.9,24.6,49.8,10,2.7,19.2,0.62,0.257,618.1,forest,0
27.0229,92.7958,Tezpur,2468.7,28.6,248.6,9,28.5,166.8,0.678,0.921,1505.8,forest,0
23.9399,91.1368,Agartala,1331.4,28.8,61.1,9,22.2,126.0,0.535,0.899,6263.0,forest,0
24.6644,93.8517,Imphal,562.4,34.1,258.7,2,1.3,7.6,0.64,0.169,3521.5,forest,0
25.3287,90.2551,Tura,1260.2,27.8,154.6,5,2.0,8.9,0.52,0.24,6365.0,forest,0
27.4939,94.9195,Dibrugarh,302.0,14.1,60.2,7,3.8,22.4,0.459,0.642,3696.6,bare,1
25.4664,90.4047,Tura,373.7,36.1,238.6,6,1.0,6.5,0.626,0.871,2112.2,forest,1
26.3838,94.3501,Jorhat,1188.9,24.6,320.1,7,4.3,23.8,0.378,0.66,658.8,agriculture,0
26.7609,93.1171,Tezpur,1241.1,18.6,97.8,7,0.4,1.7,0.909,1.0,950.4,forest,0
27.6693,95.0253,Dibrugarh,862.4,20.3,175.1,7,9.9,45.0,0.459,0.727,5911.2,water,0
26.2044,91.4599,Guwahati,2204.9,11.0,203.8,9,9.2,63.1,0.706,0.272,4986.0,forest,1
26.5847,92.6048,Tezpur,443.8,21.8,329.0,6,3.7,23.8,0.861,0.413,12969.6,agriculture,0
26.056,91.9159,Guwahati,398.7,11.9,323.1,10,4.1,14.7,0.431,0.207,1766.4,agriculture,0
23.8324,92.5379,Aizawl,1260.2,8.3,119.2,7,26.1,67.0,0.451,1.0,131.5,forest,0
25.5705,90.3171,Tura,447.0,16.7,316.4,8,29.3,116.5,0.741,0.514,7430.6,forest,0
25.4741,92.1153,Dawki,1374.5,34.2,207.3,6,2.3,11.8,0.818,0.825,793.0,forest,0
27.8735,94.9283,Dibrugarh,1159.5,26.2,104.5,7,6.4,32.1,0.685,0.79,6453.5,forest,0
26.5552,92.8845,Tezpur,258.5,20.4,155.2,6,3.1,20.6,0.541,0.814,3910.5,agriculture,1
25.2879,93.9259,Kohima,1250.3,32.0,99.5,9,2.4,13.7,0.574,0.519,798.5,forest,1
25.3508,91.8473,Shillong,1054.7,26.0,39.1,8,6.2,42.3,0.665,0.88,2028.1,agriculture,0
26.8309,93.7725,Itanagar,418.4,17.7,13.6,7,3.6,18.5,0.568,0.557,824.7,agriculture,0
26.5229,92.6237,Tezpur,1086.3,13.4,167.8,7,6.1,14.0,0.648,0.212,7842.4,forest,0
25.5551,90.1631,Tura,525.0,20.2,96.6,7,6.1,29.0,0.526,0.586,1290.3,agriculture,0
26.1787,92.0122,Guwahati,917.3,14.3,113.7,8,7.1,29.3,0.594,0.983,780.0,urban,0
25.5922,94.3014,Kohima,320.2,15.5,137.8,4,1.2,7.5,0.526,0.258,4597.9,forest,0
26.7355,94.5082,Jorhat,1159.1,25.2,83.6,7,15.4,80.6,0.645,0.288,1419.8,agriculture,0
23.6579,91.6681,Agartala,699.8,27.9,152.3,10,3.1,13.5,0.665,0.2,2282.5,forest,0
23.7978,90.9162,Agartala,713.3,26.3,281.4,6,8.5,35.5,0.586,0.271,540.0,bare,0
26.732,94.0657,Jorhat,131.3,20.1,74.1,6,3.9,13.4,0.524,0.645,314.8,forest,0
24.814,93.8074,Imphal,166.3,29.5,291.1,9,1.8,13.9,0.436,0.943,2603.2,urban,0
25.4877,91.7778,Shillong,1039.5,26.7,235.4,7,6.5,46.4,0.447,0.898,760.2,agriculture,0
26.5661,94.4432,Jorhat,486.8,16.8,57.2,7,3.3,15.6,0.613,0.988,10.7,urban,1
23.4208,92.5725,Aizawl,386.5,15.3,307.5,9,8.8,63.6,0.669,0.477,958.3,water,0
25.6785,94.0827,Kohima,229.9,3.6,238.1,4,1.5,9.6,0.669,0.171,361.0,water,0
26.4592,92.8135,Tezpur,647.5,17.8,205.7,7,22.8,172.3,0.439,0.725,16273.2,water,0
23.8154,91.3349,Agartala,1070.0,21.5,291.2,7,6.8,18.2,0.581,0.67,619.9,agriculture,0
23.5577,92.4421,Aizawl,1929.4,11.3,19.6,8,1.0,5.4,0.515,0.319,7809.4,forest,1
23.694,92.4166,Aizawl,433.7,42.5,3.5,5,5.4,24.0,0.373,0.136,1549.4,urban,0
25.8346,91.6841,Shillong,1769.0,14.3,251.9,9,24.7,146.6,0.739,0.515,97.0,agriculture,0
25.3646,89.9332,Tura,1978.1,8.8,174.4,9,32.7,81.0,0.592,0.757,8982.3,water,0
25.9542,91.7586,Shillong,2029.4,28.4,268.3,6,27.5,142.6,0.583,0.406,7507.1,bare,0
26.8482,93.1809,Tezpur,4867.5,27.8,131.3,9,3.0,19.3,0.527,0.519,3305.5,agriculture,0
24.9827,92.0504,Dawki,237.1,21.3,55.5,7,23.4,109.2,0.524,0.626,226.6,agriculture,0
26.4641,92.9062,Tezpur,2935.4,11.1,342.6,6,23.0,140.5,0.616,0.428,8217.8,forest,1
27.786,94.8863,Dibrugarh,2017.3,38.4,272.5,9,0.2,0.6,0.509,0.363,2483.3,forest,0
26.7508,92.7931,Tezpur,689.2,30.5,42.2,7,5.4,42.8,0.398,0.654,1813.0,bare,0
23.5026,91.2431,Agartala,1341.0,14.8,354.5,3,1.8,10.2,0.815,0.261,1444.0,water,0
23.9734,91.023,Agartala,416.1,29.9,128.5,8,15.7,94.5,0.418,1.0,4569.6,bare,0
25.307,90.1431,Tura,215.4,25.6,142.7,9,34.6,257.4,0.378,0.363,3224.8,water,0
23.5471,92.8707,Aizawl,3049.2,34.9,181.2,8,0.7,2.6,0.614,0.747,5270.2,agriculture,0
24.9162,91.6955,Dawki,1261.5,34.0,21.7,9,4.1,10.1,0.584,0.443,1310.7,agriculture,0
23.8124,92.5207,Aizawl,822.1,18.6,159.9,7,7.6,48.0,0.564,0.82,3067.3,forest,0
27.1978,94.9244,Dibrugarh,511.2,25.5,354.9,8,30.4,183.5,0.538,0.618,1206.6,agriculture,1
25.2736,91.6737,Dawki,526.8,21.0,218.1,7,24.1,156.5,0.599,0.919,24.7,bare,0
26.4234,92.9341,Tezpur,80.9,39.9,205.7,7,5.5,14.2,0.633,0.58,165.9,urban,0
26.0949,91.856,Guwahati,1869.1,31.7,233.1,8,30.2,107.9,0.796,0.989,7324.3,forest,0
27.1073,93.5604,Itanagar,636.8,39.5,43.8,8,16.5,57.8,0.561,0.926,3483.2,agriculture,0
26.6412,94.372,Jorhat,140.4,26.6,295.8,11,0.8,1.9,0.748,0.218,1501.0,agriculture,0
25.0548,91.845,Dawki,1153.1,42.4,196.6,5,1.6,8.2,0.488,0.267,2946.0,forest,1
27.246,94.7729,Dibrugarh,1931.5,6.2,88.8,7,20.6,109.7,0.503,0.977,3970.3,agriculture,0
25.3307,90.2118,Tura,3648.2,16.3,346.2,6,11.7,83.4,0.467,0.734,8328.0,forest,0
25.738,91.6699,Guwahati,1015.0,42.9,294.9,8,17.5,92.6,0.525,0.669,5488.0,forest,0
26.0299,91.567,Guwahati,1337.2,31.7,84.1,10,1.5,11.1,0.466,0.194,5249.8,forest,0
25.6907,94.3153,Kohima,373.4,28.8,249.6,7,5.5,15.3,0.451,0.529,5427.5,forest,0
26.6217,92.4797,Tezpur,1121.1,16.8,240.4,6,9.4,49.9,0.512,0.978,6821.9,agriculture,1
25.7429,93.9904,Kohima,625.5,34.1,298.4,5,5.3,19.5,0.464,0.2,6123.7,water,0
25.1099,90.4247,Tura,270.7,28.0,150.1,3,1.1,6.6,0.538,0.26,1589.1,forest,0
23.8049,91.1543,Agartala,665.4,25.2,218.8,8,0.7,2.3,0.536,0.823,6689.6,forest,0
24.9969,93.8877,Imphal,611.2,5.3,14.1,10,10.0,21.8,0.46,0.261,4651.3,agriculture,0
26.8387,92.247,Tezpur,307.1,35.9,246.5,6,41.4,98.8,0.471,0.721,1488.8,bare,1
26.6449,92.8861,Tezpur,1206.9,22.1,13.1,9,11.3,44.7,0.657,0.448,3272.8,water,1
26.7349,92.4035,Tezpur,1426.5,19.6,7.4,7,15.9,104.4,0.356,0.717,3249.4,forest,0
27.5077,94.3276,Dibrugarh,877.0,32.9,352.9,9,69.7,250.6,0.554,0.766,946.4,urban,0
25.4741,92.1329,Shillong,2935.5,27.9,205.5,3,9.7,25.7,0.468,0.229,129.8,forest,0
26.7418,93.2382,Tezpur,2147.8,13.7,123.2,6,23.0,53.4,0.797,0.711,1922.2,forest,0
25.1535,90.2458,Tura,626.4,21.4,206.0,6,25.3,51.1,0.569,1.0,2336.8,agriculture,0
23.6713,91.3435,Agartala,164.1,46.8,276.6,6,38.7,295.5,0.256,1.0,3402.7,agriculture,1
25.3195,90.3717,Tura,2320.8,13.6,115.5,4,5.3,18.7,0.413,0.26,1846.9,agriculture,0
25.3333,90.3861,Tura,310.4,17.6,21.6,9,29.4,165.6,0.676,0.885,1155.9,forest,0
25.7581,90.2095,Tura,1397.6,33.5,150.9,4,0.4,0.8,0.875,0.245,5865.3,forest,0
25.8058,90.1647,Tura,49.8,9.1,317.3,2,3.1,15.3,0.419,0.258,10258.0,agriculture,0
23.7198,93.0998,Aizawl,336.2,13.9,77.3,7,2.4,16.5,0.464,0.573,3752.1,urban,0
25.1534,92.1251,Dawki,158.8,11.9,4.9,10,1.8,9.1,0.6,0.252,1362.3,water,0
27.6515,94.6966,Dibrugarh,277.0,26.7,123.0,9,72.0,294.5,0.513,0.868,5829.3,urban,1
25.3474,91.8039,Shillong,1371.2,17.9,122.7,8,5.8,25.4,0.442,0.72,2861.8,water,0
24.9051,94.1808,Imphal,1131.8,13.7,55.5,6,14.3,44.5,0.573,0.939,894.3,agriculture,0
24.9703,91.9984,Dawki,673.1,25.0,40.8,4,0.6,3.9,0.425,0.217,168.9,bare,0
25.3226,92.1663,Dawki,435.4,23.7,303.6,7,2.0,6.9,0.9,0.866,2143.2,bare,0
23.79,91.518,Agartala,1407.4,41.0,323.0,8,8.3,47.4,0.539,0.66,18283.0,forest,0
26.8375,92.8648,Tezpur,1653.2,12.7,203.0,3,6.2,42.5,0.61,0.256,3365.7,agriculture,1
26.3931,92.9265,Tezpur,277.2,32.6,331.8,10,1.8,4.0,0.44,0.165,3103.8,agriculture,0
25.5566,94.353,Kohima,941.8,26.7,170.4,7,10.9,74.8,0.44,0.542,2490.1,agriculture,0
27.4629,93.4881,Itanagar,670.9,44.1,166.6,10,1.1,7.1,0.519,0.226,4023.5,bare,0
25.2293,92.2626,Dawki,763.5,21.5,46.4,4,1.0,2.5,0.468,0.229,830.3,forest,0
25.3745,92.1232,Dawki,1499.2,10.0,239.8,10,0.2,1.7,0.515,0.203,347.2,forest,0
23.6566,92.6749,Aizawl,486.1,21.6,94.2,3,1.2,2.9,0.472,0.265,12640.2,urban,1
24.7204,94.0996,Imphal,1445.8,21.1,52.4,6,7.7,30.4,0.56,0.694,525.3,urban,0
23.8318,92.7397,Aizawl,1358.5,36.3,87.5,6,13.7,101.7,0.877,0.721,579.5,forest,1
26.542,93.1618,Tezpur,125.0,22.4,176.3,7,20.2,103.6,0.513,0.464,598.9,forest,0
25.7649,93.663,Kohima,331.3,36.9,239.9,5,2.2,5.1,0.43,0.167,3256.5,forest,0
26.581,94.3414,Jorhat,1259.2,21.6,29.3,1,2.5,14.5,0.589,0.225,5540.7,forest,0
23.6818,92.6805,Aizawl,945.4,20.5,166.1,9,15.5,64.4,0.626,0.525,8991.0,agriculture,0
25.2696,92.0089,Dawki,536.2,40.6,78.8,7,18.1,125.6,0.596,0.424,3806.3,forest,0
24.7797,93.999,Imphal,372.0,24.0,244.1,8,9.7,31.8,0.493,0.946,3002.3,water,0
24.8575,93.9323,Imphal,442.3,29.6,228.8,5,4.4,24.0,0.566,0.228,3905.6,urban,0
23.743,92.779,Aizawl,1319.0,21.8,112.5,8,8.0,19.0,0.447,0.781,1137.0,agriculture,1
27.3879,94.8975,Dibrugarh,3810.9,34.3,302.4,10,2.5,7.5,0.278,0.122,6210.1,forest,0
25.5766,91.7765,Shillong,808.1,10.8,36.3,5,1.3,5.1,0.569,0.207,5192.8,forest,0
25.7136,91.749,Shillong,1012.1,14.7,17.3,9,28.9,194.2,0.669,0.524,1289.7,forest,0
27.4316,93.4709,Itanagar,372.0,20.1,55.7,7,49.0,350.7,0.645,1.0,1220.3,forest,0
27.0871,93.5327,Itanagar,1070.1,15.5,243.7,8,7.6,37.1,0.491,0.546,1289.1,bare,0
23.5677,91.1267,Agartala,3610.8,27.9,160.2,5,1.6,5.4,0.403,0.248,68.6,forest,0
25.4821,89.8136,Tura,580.3,21.1,259.5,7,26.1,131.8,0.503,0.573,8608.2,urban,0
25.4467,90.6166,Tura,876.8,7.5,233.2,12,0.8,6.1,0.566,0.163,8142.3,forest,0
26.5845,94.2305,Jorhat,540.4,26.6,118.7,8,0.1,0.6,0.468,0.827,929.9,forest,0
23.7717,91.2713,Agartala,790.9,12.3,63.9,5,1.1,7.6,0.381,0.2,216.4,agriculture,1
25.0145,93.8193,Imphal,2076.5,19.6,284.4,6,44.5,345.5,0.826,1.0,42.7,agriculture,0
24.4649,94.3771,Imphal,746.8,46.6,188.0,7,17.4,58.4,0.43,0.753,14367.5,forest,1
24.7523,93.5253,Imphal,696.6,15.0,247.4,7,20.5,107.9,0.742,0.969,1421.1,forest,0
25.9477,91.5978,Guwahati,446.7,22.4,248.6,8,26.7,187.2,0.645,0.742,3274.2,forest,1
26.4933,94.0963,Jorhat,1640.3,8.5,11.1,9,7.3,19.7,0.543,0.778,5085.3,bare,1
26.7704,94.2658,Jorhat,637.0,34.1,350.8,9,73.8,301.7,0.906,0.543,1820.8,water,0
25.0026,92.3596,Dawki,760.9,19.3,158.2,6,6.4,32.9,0.73,0.699,485.3,agriculture,0
25.2561,94.1741,Kohima,625.0,20.2,38.9,8,19.9,41.1,0.898,0.695,1880.6,agriculture,0
27.0609,93.3703,Itanagar,481.4,37.4,265.3,9,38.0,254.2,0.371,0.78,859.4,bare,1
27.1768,95.0625,Dibrugarh,210.9,40.0,340.7,4,0.0,0.0,0.445,0.269,1310.7,forest,0
23.829,92.5987,Aizawl,182.6,29.1,76.4,10,3.1,22.4,0.392,0.261,7279.5,forest,0
26.7503,92.6968,Tezpur,95.9,9.2,241.3,3,0.3,1.9,0.424,0.184,1587.5,water,0
26.8092,92.9923,Tezpur,583.0,24.4,293.2,8,8.0,60.9,0.617,0.575,5005.1,bare,0
26.6599,92.7012,Tezpur,663.9,22.1,155.4,7,1.3,2.9,0.417,0.872,5253.0,bare,0
23.5485,92.5725,Aizawl,1691.9,43.9,67.7,7,10.8,60.5,0.448,0.873,3031.1,forest,0
23.8901,92.8502,Aizawl,2595.3,23.1,64.6,3,5.7,14.0,0.651,0.205,678.8,agriculture,0
26.9574,93.6951,Itanagar,1069.4,29.2,111.9,7,0.4,1.8,0.492,1.0,1663.7,forest,0
25.6099,90.0552,Tura,2979.6,19.1,148.5,9,19.1,134.1,0.664,0.922,5864.2,forest,0
27.322,93.4721,Itanagar,867.5,20.5,283.0,5,5.1,39.6,0.667,0.238,40.3,agriculture,0
25.4769,91.7582,Shillong,391.1,24.8,306.7,5,1.4,10.4,0.357,0.176,19692.9,bare,0
27.0076,93.1979,Itanagar,841.1,14.5,279.4,2,4.3,32.8,0.391,0.257,1378.3,forest,0
23.7235,92.614,Aizawl,1507.0,26.5,37.2,4,6.7,18.1,0.815,0.279,535.7,forest,0
27.2364,93.7849,Itanagar,1455.3,29.5,4.4,8,13.9,87.2,0.673,0.82,3292.9,forest,0
26.8946,93.9132,Jorhat,331.5,18.0,235.4,10,0.3,2.4,0.757,0.231,312.9,bare,1
24.4971,93.8472,Imphal,833.9,28.9,235.2,6,7.7,38.5,0.566,0.552,1299.1,forest,0
23.7191,92.6689,Aizawl,725.6,8.0,105.7,1,0.9,3.1,0.46,0.187,710.5,forest,0
26.5483,92.4861,Tezpur,2280.2,28.0,245.0,9,23.5,50.1,0.544,0.938,319.7,urban,1
26.7777,93.0474,Tezpur,990.4,10.9,129.5,5,4.0,12.8,0.467,0.177,2042.1,agriculture,0
27.3124,93.7172,Itanagar,642.0,23.0,323.7,6,4.5,30.9,0.735,0.392,249.6,forest,1
26.2712,91.9958,Guwahati,509.7,26.0,235.0,9,34.4,123.7,0.754,0.376,2627.1,forest,0
23.9046,91.5133,Agartala,1376.5,37.8,262.8,11,0.8,2.0,0.514,0.248,653.0,water,0
24.4577,94.061,Imphal,211.3,18.4,3.2,5,1.3,5.1,0.95,0.215,3108.6,agriculture,0
25.1627,91.9197,Shillong,372.1,17.6,259.8,4,1.1,3.9,0.327,0.268,3890.2,bare,0
25.2518,92.3065,Dawki,1490.8,9.6,22.8,7,12.1,37.9,0.67,0.512,2396.3,forest,0
25.2863,90.3068,Tura,413.1,10.4,245.2,7,0.7,5.0,0.856,0.877,2742.6,forest,0
24.1515,91.333,Agartala,682.8,42.9,265.3,4,2.4,12.1,0.338,0.203,207.8,forest,0
23.6267,91.4631,Agartala,638.3,28.0,203.5,9,3.8,26.9,0.836,0.916,2134.9,forest,0
25.7928,92.128,Shillong,2375.7,21.0,152.6,11,0.7,5.8,0.752,0.238,298.8,agriculture,0
25.6976,90.2902,Tura,879.7,34.6,301.3,9,18.3,87.9,0.351,0.459,6342.3,urban,0
26.2668,91.8971,Guwahati,436.3,19.7,263.4,6,60.9,371.8,0.483,0.956,3885.8,forest,0
26.401,93.5536,Itanagar,189.5,41.4,341.0,8,3.7,15.6,0.443,0.396,295.5,agriculture,0
24.987,94.1723,Imphal,813.7,30.4,178.6,5,3.4,9.1,0.576,0.251,535.1,forest,0
25.9702,91.5224,Guwahati,188.2,22.3,252.5,7,25.9,164.5,0.437,0.389,1910.7,water,0
25.6585,92.1333,Shillong,243.3,24.0,101.1,5,2.9,9.4,0.213,0.25,1441.7,bare,1
24.8481,91.8625,Dawki,1205.6,28.5,305.5,6,3.7,19.2,0.564,0.384,1584.1,forest,0
25.7576,93.7906,Kohima,573.2,28.3,55.1,4,1.6,4.8,0.637,0.245,4078.6,urban,0
24.67,94.0663,Imphal,657.5,20.5,71.5,10,3.3,26.0,0.728,0.275,4754.8,forest,0
26.2554,91.7788,Guwahati,600.6,5.2,346.8,12,3.3,8.8,0.617,0.16,129.8,forest,0
26.5894,94.3342,Jorhat,1088.4,27.7,216.9,8,45.3,213.0,0.66,0.418,304.3,forest,0
27.224,93.2353,Itanagar,731.6,23.1,161.0,8,77.2,276.1,0.398,0.926,4812.4,agriculture,1
25.691,90.4322,Tura,704.7,8.5,336.8,5,0.6,2.7,0.375,0.23,436.7,agriculture,0
25.7648,91.5367,Guwahati,524.0,31.3,33.5,10,4.1,15.8,0.691,0.159,122.2,forest,0
26.7093,92.7284,Tezpur,226.2,25.3,207.2,8,5.1,17.2,0.75,0.941,2068.1,forest,0
27.3742,93.4438,Itanagar,361.5,11.7,292.0,7,2.4,11.3,0.478,0.687,4751.9,forest,0
25.1631,92.2036,Dawki,140.6,2.3,7.6,9,1.8,8.6,0.853,0.897,5251.9,urban,0
27.1787,93.8361,Itanagar,823.0,14.9,349.8,9,22.8,116.4,0.592,0.509,1138.2,agriculture,0
25.6757,91.821,Shillong,154.2,39.9,307.9,7,47.0,132.6,0.592,0.498,3847.2,agriculture,0
25.0917,92.0973,Shillong,811.6,28.0,258.1,11,6.0,41.2,0.576,0.255,1118.0,bare,0
26.9669,94.0708,Jorhat,955.4,17.5,71.9,1,4.3,12.5,0.62,0.222,2278.8,bare,0
23.5667,91.2092,Agartala,849.7,10.4,117.6,10,0.0,0.1,0.857,0.175,2215.4,bare,0
25.6498,91.8231,Shillong,346.9,28.6,313.7,6,10.7,82.9,0.626,0.719,10750.6,water,0
25.4171,92.104,Dawki,340.6,21.9,2.6,6,3.9,23.7,0.666,0.955,320.0,agriculture,0
23.5643,92.6931,Aizawl,613.6,25.0,139.0,6,6.0,44.6,0.5,0.585,1062.0,urban,0
25.1343,91.8908,Dawki,1794.4,31.5,138.6,4,2.0,5.2,0.8,0.245,1899.3,water,0
23.6101,92.5081,Aizawl,549.5,20.1,3.8,5,3.7,16.3,0.722,0.203,2826.9,forest,0
25.5974,90.0741,Tura,352.9,21.4,197.0,8,54.8,435.3,0.446,0.649,1363.2,agriculture,0
25.7413,91.8043,Shillong,471.9,13.8,158.0,6,6.8,35.1,0.487,0.851,4199.4,forest,0
25.7867,91.8047,Guwahati,1050.1,22.7,282.7,9,5.4,13.0,0.57,0.655,1651.3,forest,0
26.9412,92.6234,Tezpur,1634.9,43.9,185.3,4,1.0,6.0,0.444,0.197,1603.4,water,1
23.8527,91.2698,Agartala,663.7,4.5,190.5,5,0.4,3.2,0.493,0.182,1951.7,forest,0
25.3714,90.0365,Tura,697.1,16.0,173.1,5,2.6,11.9,0.893,0.237,630.1,agriculture,0
26.713,94.4781,Jorhat,2263.7,44.1,218.2,5,5.1,37.1,0.37,0.273,3183.7,urban,1
25.6581,93.99,Kohima,843.7,27.8,351.6,9,28.1,201.5,0.81,1.0,2515.1,forest,0
26.7824,92.712,Tezpur,944.5,21.6,203.7,3,4.5,15.2,0.427,0.181,1659.7,water,0
26.5993,94.6277,Jorhat,1116.9,31.7,307.8,8,7.1,56.8,0.756,1.0,2676.4,agriculture,0
25.7262,94.3509,Kohima,784.5,16.0,2.9,5,4.8,35.8,0.778,0.145,1105.7,urban,0
23.6267,92.9352,Aizawl,941.0,15.2,169.4,8,1.6,5.9,0.603,0.904,1648.3,water,0
25.5438,94.4183,Kohima,783.9,38.6,346.8,9,7.4,47.0,0.688,0.728,2692.7,agriculture,0
25.1139,91.9837,Dawki,219.3,10.6,294.7,2,1.3,7.7,0.546,0.22,2505.2,urban,0
23.8315,92.6802,Aizawl,1746.2,12.4,232.0,9,3.2,11.6,0.685,0.901,1478.2,forest,0
25.5392,91.871,Shillong,2065.7,34.0,125.5,9,1.7,7.8,0.365,1.0,325.8,agriculture,1
25.2942,91.8152,Shillong,229.7,17.8,122.9,8,24.9,91.6,0.608,0.72,62.7,forest,0
26.0937,91.5503,Guwahati,425.2,13.0,176.6,7,23.2,83.8,0.441,0.723,288.0,agriculture,0
23.429,93.01,Aizawl,10009.5,12.1,45.3,8,0.0,0.0,0.793,0.899,904.2,agriculture,0
26.5001,92.7495,Tezpur,3978.1,7.7,106.4,9,38.0,169.9,0.539,0.654,7007.1,forest,1
25.7989,91.8656,Shillong,567.6,7.0,359.3,8,31.0,216.4,0.477,0.313,3105.2,forest,0
26.4313,91.5181,Guwahati,571.9,12.7,171.1,3,9.6,28.8,0.703,0.231,1138.5,forest,0
25.6875,91.7101,Shillong,721.0,16.3,37.4,7,24.3,194.1,0.754,0.955,37.9,forest,1
25.8286,91.7187,Shillong,79.6,18.3,195.8,3,2.2,16.8,0.939,0.274,2699.0,agriculture,0
23.7682,92.3969,Aizawl,155.9,44.4,330.1,8,17.5,95.4,0.323,0.978,5856.4,water,1
25.8855,91.6319,Guwahati,9090.3,10.3,301.1,4,0.8,4.2,0.635,0.221,574.3,bare,0
23.4361,92.6887,Aizawl,811.4,18.2,29.3,4,4.1,16.3,0.435,0.256,310.7,agriculture,0
26.8793,94.551,Jorhat,1686.2,8.9,317.3,8,13.0,102.4,0.424,0.699,1817.0,agriculture,0
26.7972,92.5983,Tezpur,3038.7,21.6,284.3,9,1.5,10.4,0.887,0.967,359.8,agriculture,0
25.9961,91.9677,Guwahati,1747.4,11.6,27.6,6,7.2,46.0,0.732,0.884,4103.3,bare,1
25.6887,92.1098,Shillong,447.4,18.2,99.8,6,13.8,108.3,0.795,0.899,926.9,forest,0
25.3883,89.8271,Tura,757.7,20.4,286.2,8,3.1,16.6,0.533,0.796,376.5,forest,0
23.4312,91.2113,Agartala,2468.9,12.9,85.9,8,33.3,172.2,0.95,0.667,169.8,agriculture,0
23.9303,91.8639,Agartala,1992.5,19.4,327.5,7,21.6,54.8,0.68,0.843,607.4,forest,0
24.8668,93.8626,Imphal,354.9,34.7,137.8,8,1.4,6.7,0.95,0.869,699.0,forest,0
25.7585,94.1152,Kohima,1383.5,24.1,345.3,11,8.0,38.1,0.635,0.277,6950.7,agriculture,0
27.278,94.7388,Dibrugarh,408.5,55.8,277.9,6,2.6,17.8,0.373,0.714,7393.9,forest,0
25.576,91.9971,Shillong,1866.7,27.3,52.6,5,1.5,11.7,0.418,0.257,2307.3,forest,0
24.6613,93.8607,Imphal,1221.0,20.0,96.5,7,5.9,42.4,0.272,0.578,3276.7,forest,1
27.111,93.5463,Itanagar,3182.2,24.7,227.0,8,11.1,67.8,0.741,0.66,1828.2,agriculture,0
25.3627,91.9709,Dawki,545.8,28.6,209.5,8,1.1,7.8,0.514,0.897,561.3,forest,0
25.5213,91.9447,Shillong,1184.8,16.3,78.6,8,21.0,49.6,0.682,0.916,7808.2,water,0
26.7995,93.5571,Itanagar,927.0,42.5,31.7,6,27.3,183.2,0.412,0.697,239.9,agriculture,0
25.1992,92.1926,Shillong,787.5,14.8,24.3,8,8.5,37.8,0.95,0.689,809.6,agriculture,0
27.5546,94.5715,Dibrugarh,487.2,14.1,320.2,8,0.4,3.1,0.378,0.639,274.4,agriculture,1
27.6594,94.9738,Dibrugarh,295.7,26.0,54.6,11,6.9,51.1,0.515,0.208,6924.8,urban,0
23.3473,91.3691,Agartala,353.3,25.8,300.1,6,5.0,33.0,0.56,0.756,1428.4,forest,0
26.5206,92.3448,Tezpur,317.5,11.9,65.7,6,1.0,5.4,0.439,0.79,441.9,forest,0
23.7632,91.0247,Agartala,1156.8,32.1,271.7,5,4.9,35.6,0.674,0.193,3188.1,forest,0
26.1232,92.2456,Shillong,295.9,38.8,339.6,9,41.2,329.4,0.485,0.522,1880.6,agriculture,1
27.4989,95.1755,Dibrugarh,279.7,22.9,331.3,6,9.3,44.8,0.457,0.826,6099.9,forest,0
26.5844,94.2861,Jorhat,144.0,30.2,48.2,7,5.7,45.2,0.569,1.0,3240.1,forest,0
24.7546,93.9718,Imphal,2039.3,8.7,63.0,7,6.4,13.6,0.876,0.61,2683.6,forest,0
23.752,92.7942,Aizawl,2642.4,12.3,298.8,10,2.1,11.7,0.637,0.239,3965.6,bare,0
23.9593,91.343,Agartala,407.6,38.0,137.8,9,23.5,185.6,0.612,0.927,2907.1,agriculture,0
26.8029,94.481,Jorhat,130.8,11.3,332.1,7,11.2,51.7,0.664,1.0,2237.8,forest,0
27.034,93.9008,Itanagar,334.3,45.3,110.2,10,0.8,3.5,0.487,0.213,351.9,agriculture,0
26.4139,92.0574,Guwahati,2807.9,15.7,125.4,8,3.6,12.7,0.29,0.756,7232.9,forest,0
26.141,91.8507,Guwahati,1194.8,32.3,13.9,6,14.1,40.5,0.535,0.924,11428.7,forest,0
23.7273,92.3203,Aizawl,1192.9,33.3,194.0,6,16.3,74.5,0.48,0.648,1364.6,forest,0
23.7699,92.7256,Aizawl,1042.4,22.7,261.3,7,21.0,128.9,0.376,0.612,1343.9,water,1
23.7151,92.9181,Aizawl,608.7,17.5,193.3,5,0.6,2.8,0.634,0.198,1279.9,forest,0
23.6505,91.306,Agartala,1864.3,23.1,226.8,1,1.5,5.2,0.648,0.196,4451.2,bare,0
23.2804,92.7494,Aizawl,181.6,14.2,314.9,7,12.2,83.0,0.489,0.822,5025.0,urban,0
23.5237,91.355,Agartala,876.2,28.4,286.7,2,0.8,2.9,0.474,0.17,1576.2,forest,0
25.1955,94.2363,Imphal,1440.1,5.7,259.3,6,2.3,11.0,0.73,0.811,1365.9,water,0
26.5933,92.9828,Tezpur,214.0,23.6,56.4,7,7.4,47.0,0.759,0.829,2093.3,agriculture,0
27.7301,95.2206,Dibrugarh,2747.0,13.5,106.3,6,49.9,295.2,0.499,0.962,1253.2,urban,0
25.4873,93.9695,Kohima,316.9,13.3,234.9,10,4.2,15.5,0.452,0.271,2407.3,agriculture,0
25.3033,92.0979,Dawki,1194.6,27.1,160.6,10,1.9,6.0,0.458,0.187,3002.6,water,0
23.6636,92.7605,Aizawl,491.1,9.8,34.0,7,75.9,406.8,0.516,0.662,1247.5,agriculture,0
26.7519,94.1861,Jorhat,1098.7,20.3,68.0,5,1.1,6.4,0.682,0.141,3256.2,forest,0
23.7974,91.5989,Agartala,1486.7,24.0,348.8,7,40.6,245.7,0.663,0.736,847.7,forest,0
23.9188,91.1464,Agartala,557.4,43.8,298.0,6,6.4,29.5,0.263,0.741,47.0,forest,0
25.6816,89.9179,Tura,278.4,27.6,28.4,11,8.3,62.9,0.651,0.242,1715.1,agriculture,0
23.3214,92.7774,Aizawl,927.3,17.0,185.1,3,0.1,0.8,0.495,0.164,0.5,forest,0
24.7027,94.2514,Imphal,795.7,15.1,71.3,4,5.8,15.5,0.54,0.213,546.3,forest,0
27.2961,93.6357,Itanagar,532.0,23.6,26.9,6,8.3,39.6,0.757,0.85,3714.9,forest,0
23.6923,91.2011,Agartala,1224.5,25.1,230.8,8,9.6,71.4,0.593,1.0,629.7,forest,1
26.4652,92.853,Tezpur,1286.4,22.6,37.9,6,16.8,91.6,0.566,0.562,3697.8,water,0
25.2466,93.9924,Imphal,368.8,13.9,307.0,8,15.5,80.0,0.544,0.971,651.8,agriculture,0
26.9224,93.813,Itanagar,128.1,14.0,229.7,7,12.6,62.9,0.38,0.585,6104.0,forest,0
25.3995,93.8956,Kohima,330.1,14.2,103.6,7,4.1,10.8,0.615,0.912,16188.8,forest,0
23.7893,92.5111,Aizawl,733.2,25.2,306.2,5,2.0,11.5,0.422,0.117,2165.5,forest,0
25.7581,91.907,Guwahati,550.9,23.0,182.6,10,0.2,1.2,0.543,0.152,3593.6,agriculture,0
26.9858,94.3416,Jorhat,1462.8,18.5,51.2,5,0.0,0.2,0.601,0.245,675.2,agriculture,0
23.6493,92.9044,Aizawl,744.7,30.0,185.2,2,0.3,1.8,0.712,0.246,3830.6,urban,0
27.0736,93.4613,Itanagar,948.0,22.0,229.7,7,5.2,39.6,0.674,0.597,7588.1,urban,0
26.7728,93.3253,Tezpur,617.5,12.1,56.8,8,12.9,82.9,0.558,0.705,2432.0,agriculture,0
23.5787,92.541,Aizawl,1596.3,21.5,346.2,7,25.1,120.2,0.328,0.683,440.4,forest,0
25.3063,90.069,Tura,2626.5,28.3,235.5,6,14.0,70.4,0.417,0.78,2896.4,agriculture,1
25.869,90.2056,Tura,471.3,38.8,7.0,8,10.0,47.7,0.598,0.867,665.8,agriculture,1
24.6864,93.9918,Imphal,557.6,12.9,336.7,7,79.2,180.5,0.432,0.889,3954.1,forest,1
26.043,91.808,Guwahati,815.0,13.1,13.3,4,2.6,18.5,0.368,0.228,518.6,forest,0
25.459,92.3957,Shillong,556.7,32.2,118.3,5,0.1,0.4,0.73,0.168,7978.8,bare,0
25.2923,91.7026,Dawki,168.3,15.1,7.0,5,0.2,1.0,0.366,0.174,5141.1,forest,0
26.8557,93.7741,Itanagar,375.8,33.9,354.0,6,15.7,99.3,0.68,1.0,1116.7,agriculture,0
25.6188,90.05,Tura,490.0,21.6,235.9,8,10.1,62.1,0.507,0.684,2254.2,forest,0
24.5345,93.7475,Imphal,1195.5,21.4,187.8,6,8.9,40.7,0.72,0.785,2937.7,forest,0
25.3766,91.9011,Shillong,483.1,13.3,150.3,1,0.2,0.8,0.476,0.164,4660.9,forest,0
25.6841,94.2462,Kohima,601.9,18.8,153.3,7,35.6,172.4,0.47,0.796,790.9,water,1
26.9681,92.845,Tezpur,434.7,36.2,67.2,4,2.6,19.1,0.701,0.249,4394.4,urban,1
26.8113,92.6286,Tezpur,508.3,14.7,143.6,6,0.1,0.5,0.657,0.634,142.7,bare,0
25.6028,94.0511,Kohima,178.9,17.2,271.6,4,4.7,19.9,0.617,0.227,803.7,water,0
25.5823,92.0439,Shillong,121.8,31.8,194.6,10,1.6,8.6,0.553,0.187,1203.8,forest,0
24.9233,92.0763,Dawki,292.2,31.2,307.8,1,5.6,28.5,0.473,0.258,41.3,forest,0
26.5201,91.7527,Guwahati,275.7,20.5,276.8,4,0.8,5.0,0.691,0.148,4226.8,agriculture,0
25.7816,91.5488,Guwahati,207.2,21.4,151.2,8,14.9,29.7,0.561,0.639,5095.3,forest,0
25.2876,91.9242,Dawki,736.6,21.3,251.9,5,2.1,5.9,0.509,0.28,8314.7,forest,0
26.6218,94.2382,Jorhat,2193.0,21.6,358.8,4,3.7,21.9,0.597,0.218,7226.0,forest,1
25.4733,90.1491,Tura,463.4,18.5,83.1,5,0.8,3.2,0.334,0.213,5564.5,forest,0
25.7284,91.8317,Shillong,460.8,35.4,8.5,8,6.2,30.7,0.591,0.892,3306.0,agriculture,0
24.9684,91.7623,Dawki,178.3,15.8,176.3,7,0.9,2.6,0.723,0.42,61.0,forest,0
24.9977,93.8397,Imphal,1002.1,22.9,30.7,6,13.8,102.1,0.889,0.348,4985.6,forest,0
25.7556,90.188,Tura,676.2,18.8,152.6,4,2.7,5.9,0.45,0.225,320.7,forest,0
26.019,91.5729,Guwahati,291.8,25.5,324.1,7,12.4,90.6,0.377,0.831,9697.4,forest,0
27.5007,94.3831,Dibrugarh,341.5,27.6,174.2,7,17.6,35.6,0.882,0.708,1740.5,forest,1
27.127,93.7039,Itanagar,749.2,1.3,63.1,5,1.6,6.6,0.365,0.162,34.1,forest,0
25.9177,91.607,Guwahati,557.3,18.2,37.7,7,3.9,24.7,0.721,0.722,248.6,forest,0
23.8229,91.6463,Agartala,1760.5,31.1,142.1,7,22.5,148.9,0.624,0.4,750.2,agriculture,0
24.989,92.4316,Shillong,514.0,14.8,213.4,7,27.6,167.1,0.575,0.591,233.7,agriculture,1
26.8831,93.0303,Tezpur,1531.1,41.1,322.0,8,23.5,87.0,0.423,0.872,2228.0,agriculture,1
24.9255,92.2275,Dawki,2972.3,8.8,222.3,4,0.4,1.4,0.701,0.29,145.3,agriculture,0
23.8573,91.3154,Agartala,273.6,23.0,345.8,7,9.1,64.6,0.833,0.661,1299.1,agriculture,0
27.1679,93.6839,Itanagar,248.8,10.7,283.6,6,4.3,9.1,0.596,0.781,7878.5,forest,0
23.6776,91.19,Agartala,273.0,7.6,275.7,8,9.7,38.9,0.688,0.99,7309.3,forest,0
27.5898,94.9461,Dibrugarh,206.4,20.9,217.6,8,1.8,5.0,0.618,0.647,420.1,agriculture,0
25.7039,91.8988,Shillong,1408.0,25.5,49.1,6,10.4,63.3,0.554,0.613,3487.5,forest,0
25.8512,94.0113,Kohima,1844.0,5.0,303.0,12,4.8,10.2,0.708,0.205,8612.6,water,0
26.7716,94.4459,Jorhat,1116.1,13.2,56.9,7,27.0,97.6,0.477,0.695,123.8,forest,0
23.9339,92.6497,Aizawl,756.2,25.1,306.0,7,19.8,119.8,0.511,0.953,4499.2,forest,0
26.3607,91.8256,Guwahati,2838.9,35.4,160.7,5,1.5,5.6,0.834,0.171,2256.0,forest,1
24.7811,94.2891,Imphal,5295.5,35.4,248.6,4,2.0,12.5,0.603,0.256,429.6,agriculture,0
26.993,92.9916,Tezpur,166.7,16.2,64.3,9,1.8,10.0,0.545,0.241,1574.8,forest,0
26.9265,93.7837,Itanagar,248.5,24.5,114.0,8,0.7,2.3,0.34,0.675,1471.9,water,0
23.974,91.8329,Agartala,3036.6,22.6,176.2,7,17.5,38.9,0.6,0.411,1409.3,agriculture,0
23.7153,92.4588,Aizawl,1153.9,34.9,220.7,4,4.3,21.9,0.879,0.245,4161.3,forest,1
25.8984,91.9827,Dawki,1921.8,27.4,3.4,5,1.7,11.7,0.543,0.229,4969.7,forest,0
25.7691,90.2629,Tura,215.6,51.1,240.1,7,11.9,60.5,0.275,0.544,758.4,agriculture,0
24.6931,94.1964,Imphal,607.7,25.9,30.8,5,0.8,6.5,0.8,0.164,178.3,urban,0
25.9464,93.7491,Kohima,160.7,19.0,117.7,6,18.4,114.0,0.735,0.805,1284.4,forest,0
25.7852,92.1957,Shillong,1290.9,15.5,190.1,8,2.0,8.3,0.599,0.492,3336.6,bare,0
25.2583,92.2058,Dawki,769.7,43.8,185.0,1,1.6,9.1,0.236,0.249,1006.0,forest,1
23.7593,91.1492,Agartala,1277.2,7.4,359.7,10,3.8,24.6,0.538,0.224,1616.2,agriculture,0
23.5389,92.5343,Aizawl,566.6,18.8,12.4,7,66.5,211.2,0.861,0.865,3247.3,urban,1
23.5626,90.7984,Agartala,999.5,26.1,32.3,8,7.4,52.1,0.616,0.585,658.7,water,0
25.9848,94.0728,Kohima,312.0,17.4,166.1,7,4.6,14.1,0.602,0.437,2845.5,agriculture,0
23.9068,92.6627,Aizawl,450.3,6.9,259.3,9,22.5,77.6,0.785,0.881,815.6,water,0
23.7756,92.8367,Aizawl,1024.6,13.6,100.4,4,1.0,5.6,0.514,0.236,37.6,agriculture,0
27.064,93.5397,Itanagar,176.5,13.8,44.8,8,48.8,154.2,0.461,0.609,4138.6,agriculture,0
24.6758,93.8368,Imphal,385.5,39.1,199.1,5,1.3,4.1,0.661,0.23,3030.9,bare,0
25.5799,90.0268,Tura,604.3,6.8,99.1,5,4.8,30.6,0.891,0.231,4407.8,agriculture,0
26.5406,92.9537,Tezpur,1144.2,23.9,50.7,11,7.0,37.0,0.737,0.243,6979.9,forest,0
23.8376,92.637,Aizawl,729.2,27.7,308.2,7,14.7,104.8,0.639,0.954,47.9,forest,0
23.3514,92.853,Aizawl,218.2,46.4,2.6,6,9.6,29.1,0.368,0.515,5152.9,water,0
26.5987,94.2515,Jorhat,869.8,17.2,313.9,4,0.6,2.3,0.827,0.257,1999.1,water,0
27.7307,94.9238,Dibrugarh,112.6,30.9,233.1,10,1.0,7.3,0.627,0.239,2524.7,forest,0
25.6358,91.8327,Shillong,6782.6,18.5,53.8,4,9.2,56.6,0.815,0.139,18880.8,bare,0
26.4573,94.257,Jorhat,4549.7,15.9,107.2,8,36.6,210.3,0.781,1.0,1975.9,forest,1
25.1059,92.0403,Dawki,1352.7,30.9,324.6,5,1.4,4.0,0.736,0.174,3497.8,water,0
25.5558,91.5493,Shillong,499.6,40.8,322.7,8,16.8,114.9,0.348,0.74,6504.8,forest,0
26.2568,91.5033,Guwahati,6695.8,35.1,9.6,3,1.2,8.2,0.619,0.277,2809.2,forest,0
24.7491,93.8225,Imphal,734.3,9.8,16.5,8,28.0,174.0,0.686,0.376,644.7,agriculture,0
25.399,94.0054,Kohima,680.2,31.9,153.3,1,2.1,11.9,0.572,0.225,7452.3,forest,0
25.6344,90.3284,Tura,462.6,25.5,186.7,8,12.0,64.2,0.542,0.276,5396.5,urban,0
27.6486,94.909,Dibrugarh,317.5,31.5,213.8,10,9.0,63.5,0.587,0.203,11503.0,agriculture,0
26.4488,92.9315,Tezpur,1111.7,42.4,211.0,6,5.3,21.5,0.37,0.778,2113.5,agriculture,1
23.7034,92.8607,Aizawl,1353.9,33.8,263.3,1,3.3,9.5,0.608,0.248,8145.2,agriculture,0
24.9621,93.9467,Imphal,210.0,8.5,358.9,5,0.5,2.8,0.687,0.24,2113.6,urban,0
27.2055,93.3895,Itanagar,309.8,11.8,123.6,3,0.4,1.0,0.95,0.247,3953.2,water,0
26.0312,91.5927,Guwahati,450.6,32.2,160.8,10,1.1,4.7,0.363,0.295,4733.6,agriculture,1
23.9841,92.7117,Aizawl,1311.2,14.0,325.7,12,0.7,3.2,0.548,0.209,4198.6,forest,0
24.5748,94.0397,Imphal,1107.4,14.4,262.4,6,1.6,6.9,0.706,0.877,1346.1,bare,0
27.2602,94.93,Dibrugarh,439.9,44.3,286.4,5,1.9,4.0,0.333,0.188,257.8,forest,0
25.6635,94.2814,Kohima,1893.0,31.4,95.0,5,4.9,14.5,0.58,0.264,2954.6,agriculture,0
23.7043,91.3137,Agartala,367.1,3.7,325.5,6,11.2,22.6,0.583,0.876,2352.7,forest,0
26.0308,93.0284,Tezpur,783.7,21.8,338.1,6,17.1,41.2,0.56,0.517,435.7,forest,0
27.4993,94.7786,Dibrugarh,323.4,3.5,6.1,8,31.8,210.1,0.888,0.989,1543.9,forest,1
25.7239,94.2253,Kohima,403.9,21.4,226.8,12,0.9,2.8,0.591,0.218,1569.6,forest,0
25.3368,91.7362,Shillong,2567.6,20.9,36.4,9,11.9,66.8,0.521,0.607,1005.4,agriculture,0
25.4654,92.0897,Shillong,481.5,5.0,62.5,7,21.6,53.0,0.549,0.778,81.8,forest,0
25.3916,92.2017,Dawki,1344.1,16.3,191.6,10,0.1,0.4,0.653,0.177,1526.0,forest,0
25.2418,91.8565,Dawki,712.7,23.0,231.7,4,4.1,13.3,0.676,0.267,2198.1,agriculture,0
25.6043,94.2849,Kohima,616.0,29.3,334.8,5,1.2,4.2,0.359,0.242,1205.4,water,0
25.2192,91.6821,Dawki,755.7,14.2,24.1,6,5.2,21.6,0.526,0.964,3995.5,forest,0
25.3115,91.9907,Shillong,5453.8,25.5,34.4,8,5.0,26.4,0.712,0.357,5892.7,forest,0
27.7998,94.8823,Dibrugarh,498.2,21.0,184.4,4,0.5,2.7,0.606,0.267,2042.4,forest,0
26.8615,92.8522,Tezpur,138.7,21.4,14.1,9,15.6,108.4,0.642,0.848,31.8,forest,0
27.495,94.8306,Dibrugarh,197.9,32.7,88.2,8,1.9,11.6,0.743,1.0,188.4,forest,1
25.2866,92.0945,Dawki,905.4,31.3,130.6,8,0.5,3.5,0.546,0.677,1774.6,forest,1
24.9404,94.2576,Imphal,1136.3,25.5,95.1,6,7.5,24.1,0.761,0.828,4560.9,agriculture,0
24.105,91.3126,Agartala,573.5,19.2,279.0,10,1.0,7.8,0.51,0.236,1161.5,forest,0
25.6176,90.2028,Tura,284.0,24.5,335.9,5,3.5,17.8,0.62,0.224,2159.3,forest,0
23.703,91.2401,Agartala,639.5,35.9,155.3,11,10.4,23.2,0.466,0.223,2998.9,urban,1
23.4583,92.8186,Aizawl,257.9,36.9,88.4,6,10.3,36.1,0.872,0.653,0.5,agriculture,1
23.8011,92.6983,Aizawl,1272.2,26.8,142.0,8,5.6,29.0,0.619,0.695,4876.5,forest,0
25.3511,91.9871,Dawki,1339.7,32.0,96.4,10,1.2,3.4,0.769,0.245,3441.4,forest,0
24.6441,94.1382,Imphal,125.7,13.8,248.9,2,0.6,3.5,0.476,0.21,11558.6,forest,0
26.4571,94.2016,Jorhat,870.4,20.2,178.5,6,3.6,15.3,0.64,1.0,6794.9,agriculture,0
25.1699,89.8794,Tura,796.6,36.2,43.1,10,8.6,30.4,0.765,0.168,1480.9,forest,0
25.5022,92.0233,Shillong,659.6,16.4,309.9,6,60.2,445.3,0.413,0.962,6505.3,agriculture,1
25.6493,92.0146,Shillong,902.5,19.2,49.1,7,6.2,25.4,0.636,0.769,3236.0,agriculture,0
26.1761,91.5077,Guwahati,837.4,43.2,297.8,11,0.6,4.4,0.454,0.138,3527.6,forest,0
25.586,89.91,Tura,728.0,25.1,166.5,6,0.2,0.5,0.547,0.57,1301.9,urban,0
25.5774,93.6676,Kohima,394.4,22.7,118.3,8,27.2,79.6,0.819,1.0,3177.6,agriculture,0
26.8149,93.0298,Tezpur,270.2,10.5,343.6,4,5.2,36.1,0.427,0.204,12084.9,agriculture,0
27.0882,93.6779,Itanagar,342.4,9.9,314.4,6,13.6,80.9,0.619,0.918,6530.8,forest,1
26.3361,94.2256,Jorhat,343.4,22.6,207.1,6,4.5,36.3,0.556,0.711,3740.8,forest,0
26.7144,92.9812,Tezpur,827.5,28.0,150.3,9,2.1,5.8,0.445,0.991,1078.5,agriculture,0
25.2648,91.8495,Shillong,652.0,9.7,201.0,8,3.6,13.6,0.583,0.599,170.6,agriculture,0
26.467,93.9668,Jorhat,634.8,28.0,347.0,1,3.4,25.0,0.804,0.254,2658.6,forest,0
25.4068,91.6786,Dawki,774.4,49.1,321.0,7,26.0,132.2,0.495,0.678,3734.0,bare,0
25.4033,91.7261,Shillong,1149.9,23.3,224.6,6,18.8,76.3,0.439,0.805,1848.5,bare,1
26.9862,92.6811,Tezpur,456.8,5.8,292.5,8,0.9,4.5,0.539,0.939,3234.5,forest,0
23.5449,91.0525,Agartala,1072.3,23.1,11.6,11,1.6,5.7,0.565,0.179,1658.4,agriculture,0
26.793,92.8146,Tezpur,1129.3,30.8,109.5,7,20.6,110.2,0.835,0.888,11470.3,water,1
25.4976,90.3899,Tura,928.2,18.6,35.1,7,0.2,1.7,0.433,0.682,4089.0,water,0
26.4363,92.5244,Tezpur,1036.1,17.1,310.9,3,9.2,28.7,0.598,0.176,10084.6,forest,0
27.3319,95.0393,Dibrugarh,1245.5,35.0,250.3,6,43.4,211.7,0.479,0.892,776.3,agriculture,0
24.6323,93.7622,Imphal,790.2,38.7,58.0,9,18.1,45.8,0.582,0.783,1121.3,urban,0
25.7007,91.998,Shillong,666.6,10.8,339.8,5,2.3,8.9,0.59,0.279,3660.0,bare,0
24.9204,94.055,Imphal,917.3,41.1,22.6,10,2.4,11.9,0.644,0.225,10732.2,forest,0
25.8572,93.9288,Kohima,435.2,21.3,15.3,9,1.2,3.2,0.731,0.958,2352.6,forest,0
26.1332,91.7306,Guwahati,460.7,30.4,189.3,7,79.0,171.7,0.604,0.866,2709.6,forest,0
23.7271,92.5444,Aizawl,2040.8,24.8,323.8,6,31.3,68.9,0.531,0.971,5937.3,agriculture,0
24.9154,91.8107,Dawki,505.3,24.3,24.6,7,7.5,22.8,0.524,0.528,3638.4,bare,0
26.6566,92.5759,Tezpur,275.2,28.5,191.5,8,2.9,7.6,0.403,0.819,1665.9,agriculture,1
24.151,91.1054,Agartala,242.7,47.6,198.4,4,5.0,12.6,0.468,0.252,683.8,forest,0
23.9666,91.1022,Agartala,427.0,14.8,81.5,5,4.6,35.6,0.512,0.235,528.7,urban,0
26.6404,92.9671,Tezpur,284.7,17.3,144.4,4,8.5,31.5,0.668,0.175,4972.5,forest,0
25.5163,94.321,Kohima,710.0,14.1,10.9,4,2.1,7.0,0.653,0.293,3041.5,forest,0
25.5128,91.4972,Shillong,713.2,9.7,146.1,5,1.2,8.8,0.656,0.26,303.2,bare,0
26.8493,94.6101,Jorhat,768.2,36.3,141.0,1,10.4,54.2,0.76,0.17,1655.7,water,0
23.7273,91.4049,Agartala,1098.4,43.3,39.4,6,18.9,72.1,0.5,0.764,1866.8,agriculture,0
25.3194,90.3092,Tura,1308.8,24.9,277.4,9,20.0,109.3,0.66,0.386,2281.9,agriculture,0
27.1656,94.723,Dibrugarh,965.7,41.2,222.9,2,6.1,43.1,0.56,0.202,569.0,forest,0
23.7119,92.6944,Aizawl,1215.2,5.4,136.5,9,6.3,21.4,0.817,0.982,6467.9,agriculture,0
23.6867,91.5473,Agartala,2219.7,35.4,30.9,5,2.0,14.1,0.559,0.269,5593.3,forest,0
23.7924,91.4211,Agartala,871.6,39.9,349.3,4,0.8,5.1,0.616,0.169,1455.5,forest,0
27.0729,94.3353,Jorhat,722.7,26.3,171.3,8,10.0,53.3,0.508,0.812,1195.1,forest,0
26.6738,94.5268,Jorhat,656.4,25.5,347.7,8,22.9,63.3,0.494,0.558,1733.4,forest,0
25.6246,90.1699,Tura,961.3,22.5,42.4,4,1.2,6.8,0.545,0.228,1333.4,urban,0
25.9664,90.3205,Tura,723.9,21.4,221.1,7,34.1,174.5,0.651,0.601,2633.1,forest,0
26.8991,92.6576,Tezpur,1475.0,18.6,212.6,9,0.7,4.5,0.447,0.697,4852.8,forest,0
25.4396,90.3374,Tura,1410.1,40.6,345.2,1,0.8,3.2,0.41,0.163,142.5,forest,0
25.5782,91.805,Shillong,933.1,3.9,295.4,8,56.1,265.5,0.626,0.8,3994.7,agriculture,0
27.4389,93.4529,Itanagar,746.4,22.1,240.5,9,2.7,19.9,0.634,0.895,3261.5,agriculture,0
23.7331,91.5255,Agartala,976.3,14.3,342.8,8,6.4,24.4,0.566,0.596,2332.0,water,0
26.1087,91.7101,Guwahati,413.6,34.1,118.8,1,4.9,38.1,0.537,0.217,6653.1,forest,0
23.6449,92.9135,Aizawl,1015.9,11.2,342.6,6,8.6,52.1,0.824,0.76,39.5,forest,0
23.8493,91.0513,Agartala,278.7,21.6,128.6,11,2.3,4.9,0.613,0.22,348.9,urban,0
25.0746,92.0977,Dawki,1031.1,20.5,260.2,9,18.5,101.3,0.742,0.864,3993.4,agriculture,0
27.2657,93.8064,Itanagar,958.8,24.0,250.3,8,32.9,121.4,0.701,0.961,1757.0,agriculture,0
26.8174,94.141,Jorhat,786.8,20.9,166.3,8,0.2,0.6,0.542,0.944,96.5,agriculture,0
23.6285,92.3552,Aizawl,2062.7,32.5,78.1,7,20.7,43.0,0.585,0.9,8016.7,forest,0
23.7524,92.625,Aizawl,303.0,9.6,285.0,6,17.7,116.4,0.317,0.792,5655.1,forest,0
26.8319,92.7765,Tezpur,991.3,17.4,1.0,7,4.2,24.3,0.725,0.691,1807.7,agriculture,0
26.9731,93.9763,Itanagar,703.4,19.2,200.0,9,7.0,53.5,0.781,0.58,1236.3,urban,0
27.3892,94.9347,Dibrugarh,1733.6,7.5,177.4,6,14.3,85.1,0.767,0.63,1964.3,forest,0
25.0573,92.2678,Dawki,643.7,8.3,356.7,6,8.7,32.5,0.616,0.5,446.5,water,0
23.7002,92.6346,Aizawl,1632.6,30.6,46.7,8,10.7,64.9,0.836,0.83,563.4,agriculture,1
24.9722,94.2427,Imphal,194.9,12.4,302.9,10,7.3,48.1,0.537,0.201,771.2,urban,0
27.2365,93.443,Itanagar,1207.6,22.6,112.2,12,0.2,1.2,0.496,0.212,5018.4,agriculture,0
26.6654,94.056,Jorhat,1712.2,14.1,147.4,7,21.8,160.0,0.43,1.0,12708.7,urban,0
25.2297,91.8985,Dawki,373.2,30.0,358.8,6,11.2,30.2,0.615,1.0,488.0,agriculture,0
25.011,91.9824,Dawki,1799.2,13.9,265.5,9,3.6,10.5,0.551,0.883,3289.2,agriculture,0
27.1838,94.766,Dibrugarh,336.9,24.0,20.0,5,3.9,22.1,0.565,0.279,5342.5,agriculture,0
24.8021,94.013,Imphal,319.7,31.0,179.9,4,0.8,5.2,0.733,0.256,1632.6,urban,0
25.8631,92.2193,Shillong,166.7,10.1,228.6,10,5.0,16.7,0.603,0.185,3157.7,agriculture,0
24.9781,93.9886,Imphal,138.7,33.8,174.0,6,8.3,27.0,0.646,0.734,408.8,agriculture,0
26.6467,92.6755,Tezpur,1526.2,16.9,38.1,5,4.6,23.1,0.427,0.207,1875.3,forest,1
25.3744,91.6046,Dawki,458.9,26.2,305.3,5,3.3,14.8,0.595,0.268,1350.4,water,0
26.7931,93.7778,Itanagar,1018.6,12.6,46.0,2,0.4,3.2,0.712,0.257,467.5,water,0
27.466,94.9225,Dibrugarh,400.0,25.2,251.0,1,0.4,1.8,0.499,0.233,317.4,forest,0
26.9949,94.1034,Jorhat,1791.7,43.0,26.3,6,7.8,38.9,0.34,0.807,1766.1,bare,1
24.0987,91.616,Agartala,444.6,29.8,47.3,8,43.0,171.5,0.83,0.647,123.5,bare,0
25.9927,91.6554,Guwahati,546.2,19.8,11.3,4,2.7,6.4,0.695,0.241,9962.7,urban,0
26.634,94.2523,Jorhat,754.7,15.7,90.1,4,1.5,11.6,0.71,0.263,1982.4,agriculture,0
27.0115,94.304,Jorhat,1410.9,13.8,341.1,7,6.1,24.8,0.668,0.639,559.7,bare,0
27.1977,93.4851,Itanagar,500.6,39.8,132.0,7,3.8,8.6,0.677,1.0,1993.8,bare,0
27.0992,93.8677,Itanagar,1686.8,34.2,327.4,7,10.7,69.6,0.864,0.59,161.0,forest,0
26.918,92.4692,Tezpur,490.2,14.7,273.3,4,3.3,18.7,0.567,0.285,1575.9,bare,0
27.0444,94.2042,Jorhat,260.7,14.4,155.5,10,0.1,0.5,0.747,0.242,10927.4,agriculture,0
23.9233,92.5605,Aizawl,381.9,21.3,80.7,7,29.2,214.7,0.582,0.595,6050.9,water,0
26.7845,93.2781,Itanagar,2271.1,12.9,32.6,3,1.6,4.8,0.745,0.194,473.2,urban,0
25.0062,93.756,Imphal,404.3,30.4,20.9,6,24.6,111.1,0.899,0.521,1100.4,water,0
25.783,92.0029,Shillong,467.7,23.1,122.3,10,1.2,8.2,0.331,0.14,26.0,forest,0
27.4373,94.3926,Dibrugarh,247.0,11.8,186.1,7,5.4,14.1,0.448,0.526,4704.4,forest,0
27.8686,94.9887,Dibrugarh,788.2,14.2,141.8,9,39.3,106.0,0.734,0.542,756.3,agriculture,0
23.673,92.4351,Aizawl,1380.0,23.2,227.2,8,16.4,95.7,0.131,0.557,4347.0,urban,0
25.745,93.9802,Kohima,145.1,11.2,66.8,7,8.9,67.2,0.781,0.974,2476.5,agriculture,0
27.625,94.8166,Dibrugarh,183.0,23.5,57.5,10,1.6,11.4,0.743,0.23,1292.7,forest,0
25.8593,91.9032,Guwahati,1179.3,15.9,220.0,6,12.5,99.2,0.53,0.795,3368.2,water,0
23.7781,91.1249,Agartala,664.9,11.8,51.9,6,1.6,5.8,0.54,0.997,5751.6,forest,0
27.1163,93.635,Itanagar,404.4,33.2,194.2,7,29.3,141.2,0.54,0.855,4955.9,agriculture,0
25.5184,91.6492,Guwahati,507.8,51.5,141.8,8,26.6,162.4,0.263,0.923,11139.2,urban,0
24.537,93.7305,Imphal,1526.2,36.2,206.2,5,1.0,8.2,0.409,0.253,2504.9,forest,0
26.0937,91.6205,Shillong,500.3,32.3,47.7,6,22.2,50.1,0.725,1.0,1457.8,forest,0
27.66,94.9334,Dibrugarh,558.4,39.0,174.4,5,0.7,1.4,0.59,0.215,5437.8,forest,0
25.7146,94.022,Kohima,162.0,26.1,62.9,8,10.4,25.9,0.68,0.413,974.5,water,0
25.6328,91.7856,Shillong,1595.8,34.1,249.0,8,22.9,114.9,0.434,0.813,533.4,forest,0
24.8255,93.5362,Imphal,658.4,7.0,154.4,8,53.2,308.6,0.651,0.641,724.7,forest,0
26.7036,93.8881,Jorhat,718.3,25.1,114.1,7,12.7,40.2,0.712,0.452,9493.9,forest,0
26.0549,92.0766,Guwahati,780.7,47.2,64.6,7,15.0,76.7,0.466,0.912,2158.1,water,0
27.0619,93.1061,Tezpur,394.8,22.8,50.4,8,1.1,8.6,0.591,0.648,4200.5,forest,0
26.9483,93.6781,Itanagar,201.4,33.1,297.0,6,1.7,12.1,0.715,0.987,1150.1,forest,0
23.7237,92.6595,Aizawl,565.5,11.4,48.9,6,41.5,200.4,0.847,0.716,459.4,forest,0
23.9173,90.9521,Agartala,3148.6,36.6,344.8,5,1.0,3.3,0.585,0.237,3408.9,bare,1
26.9162,93.0211,Tezpur,1297.1,37.6,22.2,7,14.7,110.4,0.349,0.766,44.3,agriculture,1
25.7236,90.2486,Tura,1792.4,36.5,139.4,7,10.5,81.3,0.621,0.514,1947.8,agriculture,0
23.9845,91.1928,Agartala,1027.5,31.5,189.6,6,35.2,238.4,0.873,0.45,1407.2,urban,0
25.4281,94.0615,Kohima,445.9,37.9,79.5,9,64.8,227.6,0.713,0.56,3171.3,forest,0
26.5729,94.5929,Jorhat,612.1,23.4,253.1,9,2.7,17.1,0.438,0.907,3799.3,agriculture,0
25.7006,91.681,Shillong,684.4,45.5,42.9,6,19.8,144.5,0.493,0.871,1788.8,urban,1
23.7388,92.6098,Aizawl,271.8,19.7,185.6,8,12.2,32.1,0.785,0.78,5312.6,forest,0
27.75,95.1743,Dibrugarh,1249.6,23.0,244.8,7,26.2,165.3,0.881,0.877,2041.1,agriculture,0
25.3046,93.932,Kohima,211.5,16.9,221.7,6,4.5,22.1,0.547,0.748,6064.5,forest,0
25.4869,92.1118,Dawki,1975.5,18.7,317.8,4,1.9,10.1,0.9,0.221,5859.8,forest,0
26.0538,92.1004,Guwahati,91.5,26.8,244.6,5,0.0,0.2,0.679,0.24,2049.0,urban,0
25.7848,90.1332,Tura,502.3,19.1,135.9,5,3.0,21.2,0.703,0.26,8205.5,urban,0
25.8019,91.5946,Guwahati,657.8,36.5,151.8,7,1.2,8.2,0.402,0.553,3697.0,agriculture,0
26.474,92.8891,Tezpur,400.3,15.2,176.2,8,10.6,62.2,0.645,0.737,1227.0,agriculture,0
27.2135,94.1957,Jorhat,3352.0,15.0,140.9,7,16.7,79.0,0.683,0.908,6529.2,forest,0
27.0586,93.6627,Itanagar,508.7,27.0,254.8,9,38.3,159.1,0.626,0.766,34.7,bare,1
25.8498,94.1836,Kohima,1219.6,32.7,168.9,7,5.2,22.3,0.694,0.799,4839.3,water,0
25.8589,93.8385,Kohima,230.6,15.8,122.9,4,2.2,16.5,0.652,0.183,838.5,urban,0
25.6876,94.1754,Kohima,731.4,28.6,231.9,7,8.2,44.2,0.725,0.776,167.2,agriculture,0
25.5181,91.9794,Shillong,436.6,29.7,86.9,3,1.2,4.3,0.442,0.185,3701.3,forest,0
23.9429,91.3077,Agartala,555.2,12.3,250.3,10,3.3,15.1,0.595,0.183,6546.7,urban,0
26.7797,94.1976,Jorhat,1044.2,13.1,59.0,8,13.1,28.8,0.595,0.758,2369.9,agriculture,0
26.6802,94.343,Jorhat,489.4,22.6,316.4,5,3.8,17.6,0.694,0.289,8999.7,forest,0
25.0584,92.3644,Dawki,739.0,15.9,349.9,9,9.9,76.9,0.354,0.96,1336.3,water,0
26.2322,91.7139,Guwahati,1175.3,14.0,92.3,5,3.6,13.4,0.762,0.184,1018.7,forest,1
26.4774,92.4703,Tezpur,1772.1,35.4,178.7,11,0.2,0.5,0.378,0.253,2106.5,water,0
26.2388,92.0458,Guwahati,1013.5,16.5,0.6,9,13.7,41.4,0.733,0.898,1043.5,forest,1
26.3828,91.8641,Guwahati,450.5,41.3,55.5,6,1.0,5.5,0.431,0.755,2651.8,forest,0
26.8761,94.0378,Jorhat,1183.1,22.8,225.3,5,2.7,17.1,0.389,0.233,2011.3,bare,0
25.5575,90.2007,Tura,1125.5,6.3,177.1,9,18.7,46.1,0.835,0.937,1231.1,water,0
23.6937,92.8061,Aizawl,177.1,13.5,35.2,8,38.2,113.4,0.855,0.799,1041.9,water,0
25.4993,90.4184,Tura,284.4,45.1,116.7,8,11.1,82.9,0.205,0.414,1278.2,forest,1
25.7356,91.6486,Shillong,532.2,18.6,234.9,11,5.2,14.7,0.566,0.262,2342.6,agriculture,0
25.8096,92.1839,Shillong,436.9,16.0,294.9,4,1.4,8.7,0.774,0.222,5657.9,agriculture,0
26.2969,92.7438,Tezpur,796.7,29.5,80.3,6,6.3,36.7,0.467,1.0,5883.3,forest,0
25.4158,91.9108,Dawki,876.8,37.6,261.6,7,3.9,20.9,0.587,0.333,3690.9,agriculture,0
23.5466,93.2437,Aizawl,991.6,5.5,276.9,5,0.7,2.5,0.689,0.253,3410.9,forest,0
26.6638,94.3571,Jorhat,228.9,26.8,211.4,1,1.7,6.4,0.654,0.204,4791.4,agriculture,0
27.6687,95.0279,Dibrugarh,751.6,21.7,251.7,1,0.2,1.4,0.514,0.261,5364.0,forest,0
27.5235,94.9012,Dibrugarh,1104.4,33.0,161.1,7,2.1,10.2,0.688,0.745,172.5,forest,1
26.8226,94.4897,Jorhat,353.9,21.6,288.8,4,3.8,26.0,0.354,0.196,924.5,forest,0
25.2735,92.2047,Dawki,501.8,25.3,69.0,6,32.9,250.6,0.914,0.747,75.3,water,0
26.9512,93.3739,Itanagar,647.2,27.8,57.0,3,1.1,2.8,0.845,0.244,2601.0,forest,0
25.6803,94.1759,Kohima,745.2,3.0,258.8,8,4.0,21.2,0.41,0.911,659.5,bare,0
25.4207,91.6346,Shillong,2431.1,18.1,129.7,8,2.0,13.2,0.541,0.598,81.9,forest,0
27.0656,94.0516,Itanagar,397.3,29.1,281.1,4,1.1,6.2,0.698,0.212,632.5,bare,0
26.6305,92.835,Tezpur,1677.7,10.4,239.6,8,7.0,40.3,0.546,0.854,911.6,agriculture,0
26.4811,94.1598,Jorhat,313.3,12.0,214.5,6,40.8,315.3,0.892,0.571,1980.4,forest,0
26.7751,92.8482,Tezpur,954.2,18.3,81.5,4,0.5,3.0,0.537,0.262,153.5,forest,0
26.13,92.0298,Guwahati,51.3,22.3,94.8,7,2.4,6.6,0.683,0.642,7381.9,forest,0
27.4268,95.1134,Dibrugarh,259.9,19.7,342.7,6,22.1,105.7,0.79,0.459,904.5,forest,0
26.6822,94.1694,Jorhat,1718.1,11.6,214.6,7,28.1,110.5,0.644,0.8,103.1,urban,0
27.0099,94.8281,Dibrugarh,85.8,13.2,125.4,10,0.6,2.3,0.548,0.284,5820.2,water,0
24.9283,93.649,Imphal,852.0,10.6,262.7,7,11.0,29.2,0.786,0.761,6932.5,forest,0
23.7314,91.198,Agartala,234.7,37.3,232.9,8,14.1,111.3,0.467,0.762,1977.3,water,0
24.8035,93.5674,Imphal,442.0,40.3,199.2,6,22.9,104.9,0.441,0.666,14222.8,forest,0
24.0451,91.0429,Agartala,1209.1,18.8,216.0,8,1.1,2.3,0.553,0.664,808.8,bare,0
23.636,92.8745,Aizawl,347.7,16.1,278.9,7,42.1,154.7,0.788,0.896,2371.9,urban,1
26.738,92.6419,Tezpur,525.5,25.0,23.9,4,6.2,12.9,0.437,0.225,3169.0,agriculture,0
26.6707,94.2779,Jorhat,272.2,10.8,223.2,6,46.4,188.2,0.469,0.703,2522.0,agriculture,0
24.8726,93.7893,Imphal,515.8,8.1,54.4,4,6.6,49.1,0.795,0.252,1196.8,forest,0
26.2517,91.9993,Guwahati,114.2,26.2,350.8,3,0.3,1.8,0.274,0.175,7711.9,urban,1
25.4596,91.8501,Shillong,1487.2,16.8,244.9,1,0.0,0.3,0.521,0.235,528.1,agriculture,0
23.7508,92.7548,Aizawl,355.8,46.5,45.5,5,0.7,2.4,0.408,0.275,7135.0,agriculture,0
24.7589,93.7013,Imphal,140.9,22.1,94.0,5,5.3,22.7,0.64,0.256,2589.8,forest,0
27.1556,93.5578,Itanagar,639.8,10.9,0.3,4,2.2,7.4,0.95,0.181,1327.6,forest,0
23.9389,92.5791,Aizawl,202.9,27.3,324.4,8,29.2,214.9,0.592,0.987,6706.5,forest,0
25.8067,90.0891,Tura,314.1,28.1,4.3,6,39.2,295.8,0.551,1.0,3551.8,urban,0
25.2619,91.9742,Dawki,624.9,20.0,280.8,10,9.9,20.4,0.433,0.248,537.9,forest,0
24.0038,91.5477,Agartala,572.0,12.8,352.6,7,1.4,9.0,0.584,0.54,3448.9,forest,0
26.7067,94.3232,Jorhat,536.6,27.6,99.8,9,100.3,590.5,0.476,0.593,5698.5,forest,1
26.4653,92.969,Tezpur,574.1,3.1,98.2,10,4.7,24.1,0.794,0.195,676.8,water,0
26.2285,94.4799,Jorhat,698.2,15.7,357.3,8,0.7,5.4,0.568,0.602,2461.0,water,0
25.7617,92.3611,Shillong,642.9,26.4,153.3,3,1.9,5.2,0.537,0.278,7693.3,urban,0
23.8959,91.3844,Agartala,552.0,17.4,40.4,10,2.3,14.1,0.449,0.203,5568.4,forest,0
25.3812,94.1762,Kohima,162.4,13.2,207.0,4,3.4,20.8,0.741,0.238,98.7,agriculture,0
26.5627,94.1774,Jorhat,706.8,51.4,14.7,8,15.0,100.3,0.647,0.784,8358.0,water,0
24.7358,94.0282,Imphal,756.0,5.0,217.8,7,32.3,147.2,0.769,0.798,311.5,water,0
25.7899,94.1311,Kohima,996.9,32.0,288.4,9,18.1,137.1,0.617,0.96,421.9,forest,0
27.4916,95.086,Dibrugarh,1673.1,28.9,68.6,6,1.7,6.3,0.619,0.898,2740.8,forest,1
27.1015,93.9399,Itanagar,1628.0,23.9,214.9,8,7.8,31.0,0.577,1.0,3543.1,forest,0
27.2642,93.7399,Itanagar,232.0,22.0,277.3,6,14.3,57.4,0.816,0.683,4429.9,forest,0
26.7987,93.5412,Itanagar,268.5,18.4,233.4,5,1.4,7.1,0.756,0.185,2919.6,forest,0
27.679,95.3625,Dibrugarh,593.4,12.3,275.2,3,1.5,5.0,0.577,0.169,7409.1,bare,0
26.985,92.8812,Tezpur,353.6,10.9,179.6,6,6.7,20.1,0.672,0.631,1339.5,agriculture,0
26.3616,91.8627,Guwahati,726.8,10.7,126.0,7,25.2,189.4,0.515,0.458,4239.4,water,0
23.8466,93.0041,Aizawl,1279.2,30.0,286.1,7,10.8,66.5,0.313,0.86,3095.2,agriculture,0
25.4985,93.9887,Kohima,115.7,38.1,106.5,11,11.3,39.9,0.791,0.268,2261.0,forest,1
27.3631,95.2626,Dibrugarh,1236.6,30.1,214.2,6,1.4,7.6,0.913,0.751,2570.5,agriculture,0
24.9884,94.0716,Imphal,501.1,21.4,353.0,10,4.5,10.4,0.95,0.221,1653.2,bare,0
25.868,91.4899,Guwahati,840.6,15.0,118.6,7,19.3,94.1,0.545,0.929,6541.8,forest,0
25.6018,90.193,Tura,829.2,11.8,317.8,6,79.3,167.6,0.496,0.743,3693.3,forest,0
25.6623,94.2332,Kohima,291.0,20.8,196.7,4,0.7,2.7,0.691,0.248,530.3,bare,0
25.6818,91.9261,Guwahati,936.8,27.3,100.8,12,1.6,3.5,0.446,0.206,588.8,forest,1
23.7516,92.714,Aizawl,535.7,22.4,38.8,7,1.6,11.2,0.701,0.716,3080.3,forest,0
27.4755,94.576,Dibrugarh,382.0,18.1,35.7,9,10.6,54.2,0.81,0.313,137.4,agriculture,0
26.0074,91.6092,Guwahati,323.4,35.1,143.8,6,25.9,180.8,0.614,0.956,2864.0,urban,0
26.9083,92.9151,Tezpur,1168.8,10.5,38.4,7,0.7,5.7,0.559,0.636,1300.3,agriculture,0
25.7493,92.2842,Guwahati,955.8,31.3,139.6,4,4.3,23.0,0.364,0.186,6811.0,bare,1
25.6498,94.1912,Kohima,995.1,25.4,266.1,6,4.9,18.7,0.629,1.0,3769.1,forest,1
23.658,91.0678,Agartala,403.3,12.6,214.4,7,0.5,3.6,0.507,0.482,3178.7,forest,0
25.8708,91.7511,Shillong,318.9,22.5,73.4,7,12.6,38.4,0.658,0.849,720.7,agriculture,0
26.85,93.5879,Itanagar,1251.9,34.1,355.4,8,5.8,16.9,0.399,0.519,379.9,water,0
26.9789,94.6779,Jorhat,734.4,31.1,355.2,11,1.0,7.6,0.597,0.219,3061.6,forest,0
26.8347,92.7337,Tezpur,650.4,42.7,94.2,5,2.8,9.8,0.27,0.262,1155.7,bare,1
23.4258,92.5735,Aizawl,271.3,9.5,317.0,3,1.8,10.0,0.75,0.131,3365.8,urban,0
25.4747,90.1057,Tura,190.1,26.4,132.8,5,5.7,13.2,0.653,0.279,6148.5,water,0
23.6753,92.2073,Aizawl,711.8,6.4,2.5,8,2.9,6.8,0.596,0.796,2353.8,bare,0
25.3236,92.4326,Dawki,759.6,21.1,191.8,4,2.9,22.2,0.564,0.169,1721.4,agriculture,0
25.3878,91.8182,Dawki,474.3,30.0,149.2,5,5.7,21.2,0.594,0.251,130.3,forest,0
24.5424,94.0458,Imphal,1327.4,33.8,273.2,6,47.1,375.0,0.382,1.0,1406.2,forest,1
26.0827,91.8446,Guwahati,779.9,14.7,14.9,7,8.6,45.3,0.503,0.408,7674.6,urban,0
26.0604,91.9004,Guwahati,430.7,6.5,43.1,5,4.8,12.4,0.601,0.182,310.3,agriculture,0
23.4496,92.2995,Aizawl,304.0,30.2,35.1,9,66.6,282.7,0.731,0.544,742.8,forest,0
26.9099,92.8376,Tezpur,1309.0,10.4,264.2,4,4.3,13.6,0.639,0.259,2669.9,forest,0
27.0723,93.6905,Itanagar,180.6,7.7,35.0,5,17.7,78.3,0.622,0.263,6389.5,forest,0
25.3718,90.3994,Tura,319.6,33.3,288.7,9,6.3,48.9,0.697,0.373,113.5,forest,0
27.641,94.7027,Dibrugarh,600.8,31.9,64.9,8,3.5,27.3,0.541,0.775,110.5,water,0
23.9199,92.7427,Aizawl,417.3,37.7,65.1,8,28.3,186.3,0.488,0.807,665.9,water,0
26.7465,94.3214,Jorhat,935.1,23.2,240.2,9,6.5,24.5,0.699,0.429,660.7,agriculture,0
25.7339,94.1525,Kohima,703.7,12.7,63.2,10,0.2,1.4,0.756,0.237,2837.5,forest,0
23.7247,91.3254,Agartala,291.6,28.2,58.1,9,9.2,54.7,0.459,0.983,3000.7,water,0
24.9253,92.2847,Dawki,400.9,34.1,314.0,6,0.9,5.3,0.697,0.983,4888.7,forest,0
26.1599,91.7451,Guwahati,697.7,11.6,322.5,8,27.0,180.6,0.694,0.822,347.0,water,0
25.3614,90.3036,Tura,1207.6,17.4,124.1,3,0.5,3.0,0.844,0.256,2420.6,water,0
26.0961,91.7343,Guwahati,417.1,39.0,227.1,1,4.9,11.7,0.855,0.212,3777.6,bare,0
25.8141,94.1102,Kohima,798.8,15.9,74.4,5,2.5,6.5,0.52,0.27,259.6,bare,0
25.7104,92.0145,Shillong,706.6,27.0,289.5,4,1.0,4.1,0.637,0.201,913.7,agriculture,0
27.3353,93.3255,Itanagar,2155.9,6.8,93.1,9,20.8,165.1,0.395,0.812,69.5,forest,0
27.5655,94.9174,Dibrugarh,1405.8,13.8,189.3,7,18.6,134.9,0.365,0.712,39.5,forest,0
26.1655,92.1658,Guwahati,621.1,21.7,5.3,8,14.5,35.9,0.622,0.615,4066.1,forest,0
26.398,91.6774,Guwahati,868.5,26.0,240.6,5,0.9,3.6,0.81,0.203,4785.0,bare,0
27.0299,93.7318,Itanagar,506.4,12.4,87.8,1,0.6,4.1,0.577,0.229,43.1,water,0
27.6323,95.1892,Dibrugarh,1415.6,28.1,108.4,7,16.3,47.1,0.593,0.556,1190.1,forest,0
24.7837,93.6431,Imphal,621.6,36.5,286.6,12,3.8,24.1,0.561,0.24,5021.8,forest,0
23.8947,91.2207,Agartala,205.7,37.8,356.9,10,0.4,2.7,0.752,0.238,1875.2,forest,0
26.8601,92.8859,Tezpur,902.7,26.5,123.2,12,9.5,66.1,0.343,0.211,10648.2,forest,0
24.462,93.7262,Imphal,1615.0,18.5,249.1,6,24.5,157.3,0.686,0.662,5143.0,forest,0
25.4033,94.2153,Kohima,438.0,25.6,328.3,9,0.3,2.4,0.578,0.637,2678.5,bare,0
27.1215,93.6152,Itanagar,943.5,37.4,92.0,10,3.9,11.0,0.689,0.262,2173.6,forest,0
26.9647,93.6475,Itanagar,149.7,16.6,26.8,10,2.0,10.3,0.565,0.209,4521.3,forest,0
27.5,95.0224,Dibrugarh,545.1,22.5,2.7,6,0.1,0.4,0.587,0.446,2401.4,agriculture,0
26.2784,91.1806,Guwahati,627.9,18.1,97.0,8,22.5,162.0,0.639,0.947,635.3,forest,0
25.2363,91.7899,Dawki,542.0,7.9,340.5,10,4.2,24.3,0.582,0.241,2101.0,forest,0
27.503,94.9283,Dibrugarh,857.0,16.1,314.9,7,3.2,24.2,0.736,1.0,2402.5,agriculture,0
25.4351,91.9155,Dawki,1117.4,18.9,2.5,9,52.3,412.6,0.667,0.623,324.0,agriculture,0
26.6643,92.7835,Tezpur,597.2,34.0,17.1,5,6.7,19.7,0.368,0.16,1013.0,forest,0
25.1299,92.0563,Dawki,218.1,24.3,100.2,7,4.7,12.2,0.89,0.646,316.6,bare,0
25.0321,94.2655,Imphal,1339.0,21.1,149.1,9,5.7,27.8,0.821,0.964,2107.3,forest,0
25.4898,89.975,Tura,226.4,41.8,270.5,9,12.9,95.1,0.345,0.449,5182.4,agriculture,0
24.8819,94.1211,Imphal,787.0,8.1,148.4,7,1.9,10.3,0.146,0.741,2794.4,agriculture,0
25.4706,91.8435,Dawki,132.3,6.1,218.2,7,7.4,49.6,0.542,0.874,418.9,forest,0
26.7456,93.0015,Tezpur,379.7,26.3,236.8,6,31.3,206.9,0.456,0.921,6802.0,forest,1
25.4326,90.2491,Tura,522.5,9.1,28.5,7,10.5,24.7,0.435,0.828,2816.3,agriculture,0
25.2159,91.8507,Dawki,2149.7,17.6,277.7,6,1.4,9.3,0.449,0.665,294.6,agriculture,1
26.6235,93.2508,Tezpur,4825.3,23.2,205.7,7,0.5,2.5,0.44,0.412,3035.2,agriculture,0
27.2387,95.0921,Dibrugarh,409.3,12.7,296.1,9,7.7,61.0,0.632,0.683,4588.2,forest,0
25.6702,90.313,Tura,1700.6,3.2,71.0,5,1.3,8.0,0.456,0.195,3342.0,forest,0
25.7075,90.5103,Tura,956.0,17.9,336.3,4,1.1,7.8,0.762,0.258,3070.0,bare,0
26.6997,94.3422,Jorhat,355.7,20.4,22.1,1,8.2,53.1,0.576,0.15,2811.8,bare,0
25.5715,92.133,Shillong,604.3,16.1,304.6,6,19.9,156.0,0.578,0.831,3941.2,forest,0
25.942,91.8215,Guwahati,1644.2,21.5,341.6,9,46.0,293.8,0.776,0.56,747.7,agriculture,0
25.6576,93.9395,Kohima,255.7,30.7,185.7,10,6.4,35.8,0.588,0.204,4239.3,urban,0
24.9537,94.1618,Imphal,170.0,40.4,235.1,9,2.1,13.5,0.628,0.309,1746.8,forest,0
23.9794,91.5178,Agartala,970.6,25.1,52.5,9,23.8,159.7,0.585,0.285,428.3,agriculture,0
25.8378,93.977,Kohima,509.9,16.2,292.8,8,15.9,34.5,0.658,0.827,2676.0,agriculture,1
26.86,93.5203,Itanagar,839.1,40.8,195.7,7,25.5,129.1,0.546,0.422,15145.0,agriculture,0
23.3707,93.1127,Aizawl,691.7,44.9,254.7,9,19.1,112.1,0.355,0.979,7145.3,forest,0
27.3924,93.6205,Itanagar,122.4,12.3,322.7,5,1.0,4.6,0.579,0.233,173.1,bare,0
23.3378,93.0481,Aizawl,222.0,15.2,183.5,7,2.8,15.2,0.799,0.589,1374.3,urban,0
25.353,94.2235,Kohima,901.8,14.2,172.8,6,15.0,78.0,0.634,0.81,6942.7,bare,0
23.9008,91.3198,Agartala,174.5,21.0,212.5,4,1.2,6.9,0.392,0.27,13017.3,water,0
25.5672,91.9442,Shillong,446.2,18.5,154.8,9,13.6,93.0,0.444,0.87,2859.6,agriculture,1
25.5117,91.975,Dawki,616.6,24.0,13.7,7,23.1,112.0,0.847,0.646,310.1,forest,0
26.5,92.6902,Tezpur,388.1,32.7,273.8,10,4.3,27.5,0.52,0.261,538.4,bare,0
25.6743,93.7032,Kohima,311.3,6.8,311.2,4,0.5,2.2,0.754,0.245,4550.3,bare,0
25.8137,91.9552,Guwahati,1299.5,13.5,127.0,8,32.1,212.6,0.628,0.972,508.2,urban,0
26.1105,91.7372,Guwahati,331.4,41.5,128.6,8,35.3,176.1,0.287,0.867,13000.4,urban,0
26.1138,91.9688,Guwahati,1474.3,22.6,91.2,7,7.8,31.8,0.723,0.592,2402.9,agriculture,0
23.9596,92.6672,Aizawl,284.3,31.4,186.7,8,5.9,35.5,0.588,0.784,1602.3,forest,0
26.7083,92.7957,Tezpur,486.0,22.4,124.3,6,9.5,66.8,0.36,0.888,8239.1,agriculture,0
25.5241,94.1927,Kohima,1844.8,31.3,23.0,6,33.0,112.9,0.548,0.39,3372.9,forest,0
27.2617,93.657,Itanagar,410.7,25.3,38.7,5,3.6,10.7,0.588,0.24,10932.2,water,0
25.5356,92.3051,Shillong,1060.6,29.3,129.9,8,45.7,312.0,0.516,0.269,327.1,urban,0
27.1634,94.8519,Dibrugarh,617.4,8.1,260.1,5,0.3,1.9,0.556,0.207,390.2,agriculture,1
25.1128,92.1553,Dawki,1048.0,9.7,228.2,5,0.6,2.0,0.668,0.217,3820.4,forest,0
26.8016,94.0261,Jorhat,1924.6,34.0,148.6,4,18.7,97.3,0.788,0.175,2791.9,agriculture,0
25.5149,92.1326,Shillong,1193.1,29.1,336.1,4,0.3,2.8,0.798,0.145,1810.8,agriculture,0
25.7805,91.5866,Guwahati,3190.0,8.8,128.2,4,9.5,20.9,0.604,0.293,494.6,forest,0
25.7251,90.2255,Tura,1854.9,40.6,307.3,5,1.9,10.2,0.47,0.173,4907.2,forest,0
25.3313,90.0803,Tura,156.7,19.7,293.4,5,16.0,77.5,0.744,0.277,3744.4,forest,0
23.687,92.8116,Aizawl,2302.4,14.6,251.3,7,17.5,91.8,0.384,0.575,2686.8,forest,0
25.8816,91.4797,Guwahati,725.2,35.3,221.1,8,1.3,5.1,0.773,0.527,1899.1,bare,0
24.0665,91.0799,Agartala,951.2,25.4,158.4,10,11.9,93.5,0.814,0.284,9351.8,agriculture,0
23.5813,91.4337,Agartala,1653.0,35.5,348.5,8,28.4,70.9,0.366,0.487,425.9,forest,1
25.3207,91.6644,Shillong,381.6,15.2,206.6,7,2.6,7.9,0.546,0.904,6278.7,agriculture,0
27.1083,94.7796,Dibrugarh,108.5,25.7,13.4,5,0.9,6.4,0.67,0.177,2251.6,agriculture,0
25.3804,90.173,Tura,1838.3,6.4,327.1,8,24.5,127.3,0.616,0.456,5130.0,forest,0
24.9616,93.9997,Imphal,1496.2,36.5,326.8,7,6.7,51.8,0.35,0.304,3184.5,bare,0
27.863,95.0226,Dibrugarh,688.1,40.0,356.4,9,6.2,22.8,0.836,0.66,828.9,forest,0
26.6964,94.3929,Jorhat,215.2,9.1,272.3,10,5.3,23.4,0.646,0.269,643.7,agriculture,0
25.4946,93.9286,Kohima,461.7,6.7,218.2,9,15.1,115.6,0.675,0.68,642.3,forest,0
26.8393,93.4583,Itanagar,3459.1,7.0,291.6,5,3.4,20.4,0.564,0.193,1208.5,forest,0
25.2746,91.6598,Dawki,1312.8,10.1,307.6,9,10.8,51.9,0.421,0.561,1422.0,forest,0
23.8829,91.6445,Agartala,228.4,30.8,279.5,4,6.4,34.5,0.559,0.257,3497.8,forest,0
25.3991,94.1053,Kohima,1704.5,17.1,342.7,11,1.0,4.8,0.585,0.176,274.6,forest,0
25.0167,94.0994,Imphal,160.9,29.8,23.4,6,20.7,41.8,0.498,0.651,2004.2,agriculture,0
25.7934,91.9896,Shillong,94.1,29.3,203.6,9,4.3,28.1,0.716,0.587,767.4,forest,0
26.6619,94.0159,Jorhat,5186.8,13.1,118.6,9,6.5,32.8,0.756,0.835,6131.6,agriculture,1
24.6668,93.6611,Imphal,733.5,38.0,290.2,8,0.5,3.5,0.877,0.579,2456.1,urban,1
23.6529,92.5025,Aizawl,1255.2,12.9,177.9,4,3.0,12.4,0.72,0.224,8151.8,forest,1
23.6982,91.2608,Agartala,1814.3,13.0,265.6,9,23.6,145.3,0.757,0.488,1287.5,agriculture,1
25.331,94.0609,Imphal,674.6,16.6,286.0,6,9.7,71.7,0.573,0.687,2792.4,forest,0
24.9869,93.966,Imphal,2150.4,14.9,205.4,7,4.0,12.1,0.396,0.857,3537.9,forest,0
24.7296,92.0318,Dawki,72.6,15.4,106.0,8,22.0,103.3,0.459,0.613,1522.5,bare,0
25.2327,91.9512,Shillong,192.1,23.2,217.6,4,4.5,14.5,0.56,0.182,4538.6,forest,0
25.2613,92.1784,Dawki,1892.4,18.8,300.7,9,35.0,152.8,0.868,0.563,1908.1,forest,0
23.3001,92.6612,Aizawl,376.8,22.4,214.8,7,29.1,158.0,0.571,0.651,3876.0,forest,0
26.6999,94.115,Jorhat,828.0,6.5,139.8,5,2.4,15.3,0.58,0.181,512.4,forest,0
25.8795,94.1716,Kohima,2664.9,6.8,64.8,6,2.1,13.0,0.503,0.366,976.3,forest,0
26.9619,94.2489,Jorhat,165.3,2.8,282.3,9,12.1,89.7,0.235,0.808,425.7,forest,0
23.6909,91.6962,Agartala,527.8,28.9,343.7,6,2.0,11.6,0.901,0.823,697.8,urban,0
25.3368,90.5771,Tura,546.6,27.5,58.0,9,15.8,33.2,0.452,0.576,2857.2,forest,0
23.6259,91.2667,Agartala,1468.6,16.0,185.8,9,6.7,51.5,0.741,0.591,4975.2,forest,0
26.0517,91.7855,Guwahati,240.0,16.9,82.2,6,3.6,9.5,0.503,0.773,10745.7,forest,0
27.0199,94.0804,Jorhat,1523.8,21.1,350.0,4,2.7,13.3,0.532,0.254,1225.2,forest,0
25.556,94.3224,Kohima,1154.1,30.7,108.3,7,14.2,28.6,0.557,0.663,5230.4,forest,0
26.2945,92.0187,Guwahati,311.1,22.4,360.0,9,4.5,15.2,0.803,0.985,2731.0,forest,0
25.0861,91.8566,Dawki,398.1,38.8,201.4,8,3.8,24.3,0.581,0.734,4002.0,agriculture,1
27.0543,93.5881,Itanagar,350.8,33.4,296.8,4,4.1,17.1,0.714,0.222,5957.4,forest,0
25.3494,90.0455,Tura,648.5,26.4,19.4,10,0.9,6.3,0.41,0.277,2066.6,forest,0
23.9797,91.0526,Agartala,450.5,44.2,180.8,6,17.5,64.4,0.358,0.747,4129.7,urban,0
23.9869,92.6671,Aizawl,869.4,29.2,52.6,3,1.2,5.5,0.325,0.177,2204.6,forest,0
25.6919,94.3954,Kohima,1135.6,28.0,214.2,10,0.6,2.7,0.411,0.247,2977.9,bare,0
25.1804,91.9009,Dawki,1310.2,24.1,261.1,7,12.3,53.9,0.469,0.813,820.8,forest,1
24.1551,91.0292,Agartala,326.4,21.3,33.2,8,15.7,79.9,0.476,0.756,1027.6,urban,0
27.0201,93.5686,Itanagar,1314.8,41.5,65.8,10,3.9,30.2,0.3,0.284,64.7,water,0
25.4626,89.8736,Tura,488.7,16.8,152.4,6,2.6,13.1,0.617,0.836,5025.9,forest,0
25.5669,92.2631,Shillong,467.3,32.5,86.7,8,0.9,4.2,0.949,0.329,6024.9,bare,0
27.2831,93.8615,Itanagar,47.1,17.2,222.6,7,42.2,194.4,0.43,0.578,892.2,agriculture,0
25.1827,90.2048,Tura,708.3,26.8,231.1,5,0.1,0.7,0.67,0.216,6196.0,water,0
25.4569,91.5739,Shillong,504.6,36.5,130.2,9,35.9,214.2,0.65,1.0,2293.6,forest,1
26.4163,91.5949,Guwahati,2319.8,23.3,355.2,7,49.4,158.5,0.753,0.495,1359.5,forest,0
27.0047,94.1419,Jorhat,832.7,10.1,16.2,7,127.5,877.3,0.403,0.679,1641.5,bare,0
